Time (in seconds),Validator,Memory Used (MB)
1,Validator,72.39
2,Validator,72.39
3,Validator,72.65
4,Validator,72.65
5,Validator,72.90
6,Validator,72.90
7,Validator,72.93
8,Validator,72.93
9,Validator,73.00
10,Validator,73.00
11,Validator,73.05
12,Validator,73.10
13,Validator,73.11
14,Validator,73.12
15,Validator,73.13
16,Validator,73.13
17,Validator,73.13
18,Validator,73.14
19,Validator,73.16
20,Validator,73.17
21,Validator,73.17
22,Validator,73.18
23,Validator,73.18
24,Validator,73.19
25,Validator,73.19
26,Validator,73.21
27,Validator,73.21
28,Validator,73.23
29,Validator,73.23
30,Validator,73.26
31,Validator,73.26
32,Validator,73.28
33,Validator,73.28
34,Validator,73.29
35,Validator,73.32
36,Validator,73.34
37,Validator,73.36
38,Validator,73.42
39,Validator,73.59
40,Validator,73.61
41,Validator,73.71
42,Validator,73.74
43,Validator,73.88
44,Validator,73.88
45,Validator,73.90
46,Validator,73.89
47,Validator,73.91
48,Validator,73.91
49,Validator,73.92
50,Validator,73.92
51,Validator,73.93
52,Validator,73.93
53,Validator,73.93
54,Validator,73.94
55,Validator,73.95
56,Validator,73.95
57,Validator,73.95
58,Validator,73.95
59,Validator,73.96
60,Validator,73.97
61,Validator,73.98
62,Validator,73.99
63,Validator,74.00
64,Validator,74.00
65,Validator,74.01
66,Validator,74.01
67,Validator,74.01
68,Validator,74.02
69,Validator,74.02
70,Validator,74.03
71,Validator,74.04
72,Validator,74.04
73,Validator,74.04
74,Validator,74.05
75,Validator,74.05
76,Validator,74.05
77,Validator,74.09
78,Validator,74.10
79,Validator,74.11
80,Validator,74.13
81,Validator,74.13
82,Validator,74.14
83,Validator,74.14
84,Validator,74.15
85,Validator,74.15
86,Validator,74.19
87,Validator,74.24
88,Validator,74.59
89,Validator,74.50
90,Validator,74.52
91,Validator,74.52
92,Validator,74.53
93,Validator,74.54
94,Validator,74.55
95,Validator,74.56
96,Validator,74.56
97,Validator,74.57
98,Validator,74.57
99,Validator,74.59
100,Validator,74.59
101,Validator,74.59
102,Validator,74.60
103,Validator,74.63
104,Validator,74.64
105,Validator,74.65
106,Validator,74.66
107,Validator,74.66
108,Validator,74.67
109,Validator,74.67
110,Validator,74.68
111,Validator,74.69
112,Validator,74.69
113,Validator,74.69
114,Validator,74.81
115,Validator,74.69
116,Validator,74.70
117,Validator,74.70
118,Validator,74.70
119,Validator,74.71
120,Validator,74.71
121,Validator,74.72
122,Validator,74.73
123,Validator,74.73
124,Validator,74.73
125,Validator,74.74
126,Validator,74.75
127,Validator,74.75
128,Validator,74.75
129,Validator,74.77
130,Validator,74.77
131,Validator,74.77
132,Validator,74.77
133,Validator,74.77
134,Validator,74.82
135,Validator,74.82
136,Validator,74.83
137,Validator,74.83
138,Validator,74.84
139,Validator,74.85
140,Validator,74.86
141,Validator,74.87
142,Validator,74.88
143,Validator,74.88
144,Validator,74.89
145,Validator,74.89
146,Validator,74.89
147,Validator,75.23
148,Validator,75.24
149,Validator,75.24
150,Validator,75.24
151,Validator,75.25
152,Validator,75.25
153,Validator,75.25
154,Validator,75.25
155,Validator,75.26
156,Validator,75.26
157,Validator,75.27
158,Validator,75.39
159,Validator,75.27
160,Validator,75.28
161,Validator,75.29
162,Validator,75.29
163,Validator,75.29
164,Validator,75.30
165,Validator,75.31
166,Validator,75.31
167,Validator,75.31
168,Validator,75.31
169,Validator,75.32
170,Validator,75.33
171,Validator,75.34
172,Validator,75.34
173,Validator,75.35
174,Validator,75.36
175,Validator,75.36
176,Validator,75.36
177,Validator,75.36
178,Validator,75.37
179,Validator,75.41
180,Validator,75.41
181,Validator,75.41
182,Validator,75.42
183,Validator,75.42
184,Validator,75.43
185,Validator,75.43
186,Validator,75.44
187,Validator,75.44
188,Validator,75.45
189,Validator,75.45
190,Validator,75.45
191,Validator,76.21
192,Validator,76.22
193,Validator,76.22
194,Validator,76.22
195,Validator,76.23
196,Validator,76.23
197,Validator,76.23
198,Validator,76.23
199,Validator,76.23
200,Validator,76.23
201,Validator,76.24
202,Validator,76.24
203,Validator,76.24
204,Validator,76.25
205,Validator,76.26
206,Validator,76.26
207,Validator,76.27
208,Validator,76.27
209,Validator,76.27
210,Validator,76.39
211,Validator,76.29
212,Validator,76.29
213,Validator,76.30
214,Validator,76.30
215,Validator,76.30
216,Validator,76.30
217,Validator,76.30
218,Validator,76.31
219,Validator,76.31
220,Validator,76.31
221,Validator,76.31
222,Validator,76.32
223,Validator,76.32
224,Validator,76.32
225,Validator,76.33
226,Validator,76.34
227,Validator,76.34
228,Validator,76.34
229,Validator,76.35
230,Validator,76.36
231,Validator,76.36
232,Validator,76.36
233,Validator,76.36
234,Validator,76.36
235,Validator,76.37
236,Validator,76.37
237,Validator,76.37
238,Validator,76.37
239,Validator,76.38
240,Validator,76.38
241,Validator,76.39
242,Validator,76.39
243,Validator,76.39
244,Validator,76.41
245,Validator,76.41
246,Validator,76.41
247,Validator,76.41
248,Validator,76.41
249,Validator,76.57
250,Validator,76.57
251,Validator,76.57
252,Validator,76.57
253,Validator,76.58
254,Validator,76.58
255,Validator,76.58
256,Validator,76.58
257,Validator,76.58
258,Validator,76.71
259,Validator,76.59
260,Validator,76.59
261,Validator,76.59
262,Validator,76.60
263,Validator,76.60
264,Validator,76.61
265,Validator,76.61
266,Validator,76.61
267,Validator,76.95
268,Validator,76.95
269,Validator,77.33
270,Validator,77.33
271,Validator,77.34
272,Validator,77.35
273,Validator,77.36
274,Validator,77.37
275,Validator,77.40
276,Validator,77.40
277,Validator,77.42
278,Validator,77.42
279,Validator,77.45
280,Validator,77.45
281,Validator,77.46
282,Validator,77.46
283,Validator,77.47
284,Validator,77.48
285,Validator,77.50
286,Validator,77.50
287,Validator,77.51
288,Validator,77.54
289,Validator,77.54
290,Validator,77.55
291,Validator,77.55
292,Validator,77.57
293,Validator,77.57
294,Validator,77.59
295,Validator,77.59
296,Validator,77.60
297,Validator,77.60
298,Validator,77.62
299,Validator,77.62
300,Validator,77.64
301,Validator,77.64
302,Validator,77.67
303,Validator,77.68
304,Validator,77.69
305,Validator,77.69
306,Validator,77.71
307,Validator,77.71
308,Validator,77.73
309,Validator,77.75
310,Validator,77.74
311,Validator,77.77
312,Validator,77.76
313,Validator,77.78
314,Validator,77.78
315,Validator,77.80
316,Validator,77.80
317,Validator,77.81
318,Validator,77.82
319,Validator,77.84
320,Validator,77.84
321,Validator,78.71
322,Validator,78.71
323,Validator,78.86
324,Validator,78.73
325,Validator,78.75
326,Validator,78.75
327,Validator,78.77
328,Validator,78.78
329,Validator,78.80
330,Validator,78.92
331,Validator,78.82
332,Validator,78.84
333,Validator,78.84
334,Validator,78.86
335,Validator,78.86
336,Validator,78.88
337,Validator,78.88
338,Validator,78.90
339,Validator,78.90
340,Validator,78.91
341,Validator,78.91
342,Validator,78.94
343,Validator,78.94
344,Validator,78.96
345,Validator,78.96
346,Validator,78.98
347,Validator,78.98
348,Validator,79.00
349,Validator,79.00
350,Validator,79.01
351,Validator,79.01
352,Validator,79.03
353,Validator,79.04
354,Validator,79.05
355,Validator,79.08
356,Validator,79.08
357,Validator,79.10
358,Validator,79.09
359,Validator,79.13
360,Validator,79.79
361,Validator,79.81
362,Validator,80.02
363,Validator,80.34
364,Validator,80.45
365,Validator,80.59
366,Validator,80.51
367,Validator,80.53
368,Validator,80.53
369,Validator,80.54
370,Validator,80.54
371,Validator,80.56
372,Validator,80.56
373,Validator,80.58
374,Validator,80.58
375,Validator,80.59
376,Validator,80.59
377,Validator,80.61
378,Validator,80.64
379,Validator,80.64
380,Validator,80.66
381,Validator,80.66
382,Validator,80.69
383,Validator,80.69
384,Validator,80.71
385,Validator,80.71
386,Validator,80.73
387,Validator,80.73
388,Validator,80.75
389,Validator,80.75
390,Validator,80.77
391,Validator,80.77
392,Validator,80.79
393,Validator,80.79
394,Validator,80.80
395,Validator,80.80
396,Validator,80.82
397,Validator,80.82
398,Validator,80.84
399,Validator,80.85
400,Validator,80.86
401,Validator,80.99
402,Validator,80.88
403,Validator,80.89
404,Validator,80.89
405,Validator,80.91
406,Validator,80.92
407,Validator,80.93
408,Validator,80.94
409,Validator,80.96
410,Validator,80.96
411,Validator,81.86
412,Validator,81.86
413,Validator,81.88
414,Validator,81.89
415,Validator,81.90
416,Validator,81.91
417,Validator,81.92
418,Validator,81.92
419,Validator,81.94
420,Validator,81.94
421,Validator,81.96
422,Validator,81.96
423,Validator,81.98
424,Validator,81.98
425,Validator,81.99
426,Validator,82.02
427,Validator,82.02
428,Validator,82.04
429,Validator,82.04
430,Validator,82.06
431,Validator,82.07
432,Validator,82.08
433,Validator,82.08
434,Validator,82.09
435,Validator,82.10
436,Validator,82.20
437,Validator,82.20
438,Validator,82.21
439,Validator,82.21
440,Validator,82.24
441,Validator,82.24
442,Validator,82.25
443,Validator,82.26
444,Validator,82.27
445,Validator,82.27
446,Validator,82.29
447,Validator,82.29
448,Validator,82.31
449,Validator,82.31
450,Validator,82.33
451,Validator,82.33
452,Validator,82.40
453,Validator,82.41
454,Validator,82.54
455,Validator,82.56
456,Validator,82.56
457,Validator,82.58
458,Validator,82.57
459,Validator,82.59
460,Validator,82.59
461,Validator,82.61
462,Validator,82.61
463,Validator,82.62
464,Validator,82.62
465,Validator,82.64
466,Validator,82.64
467,Validator,82.66
468,Validator,82.66
469,Validator,82.68
470,Validator,82.68
471,Validator,82.71
472,Validator,82.71
473,Validator,82.73
474,Validator,82.73
475,Validator,82.74
476,Validator,82.74
477,Validator,82.77
478,Validator,82.77
479,Validator,82.80
480,Validator,82.83
481,Validator,82.83
482,Validator,82.85
483,Validator,82.85
484,Validator,82.89
485,Validator,82.89
486,Validator,82.91
487,Validator,82.91
488,Validator,82.94
489,Validator,82.95
490,Validator,82.97
491,Validator,82.98
492,Validator,83.01
493,Validator,83.01
494,Validator,83.04
495,Validator,83.04
496,Validator,83.07
497,Validator,83.07
498,Validator,83.09
499,Validator,83.09
500,Validator,83.12
501,Validator,83.12
502,Validator,83.15
503,Validator,83.17
504,Validator,83.18
505,Validator,83.20
506,Validator,83.20
507,Validator,83.23
508,Validator,83.23
509,Validator,83.25
510,Validator,83.25
511,Validator,87.19
512,Validator,87.19
513,Validator,87.23
514,Validator,87.23
515,Validator,87.25
516,Validator,87.25
517,Validator,87.28
518,Validator,87.28
519,Validator,87.28
520,Validator,87.28
521,Validator,87.30
522,Validator,87.30
523,Validator,87.30
524,Validator,87.30
525,Validator,87.32
526,Validator,87.32
527,Validator,87.33
528,Validator,87.34
529,Validator,87.34
530,Validator,87.36
531,Validator,87.36
532,Validator,87.37
533,Validator,87.36
534,Validator,87.38
535,Validator,87.38
536,Validator,87.39
537,Validator,87.39
538,Validator,87.39
539,Validator,87.40
540,Validator,87.41
541,Validator,87.41
542,Validator,88.51
543,Validator,88.51
544,Validator,88.54
545,Validator,88.54
546,Validator,88.55
547,Validator,88.55
548,Validator,88.57
549,Validator,88.57
550,Validator,88.58
551,Validator,88.59
552,Validator,88.59
553,Validator,88.60
554,Validator,88.60
555,Validator,88.63
556,Validator,88.63
557,Validator,88.65
558,Validator,88.65
559,Validator,88.66
560,Validator,88.66
561,Validator,88.67
562,Validator,88.67
563,Validator,88.68
564,Validator,88.67
565,Validator,88.69
566,Validator,88.69
567,Validator,88.70
568,Validator,88.70
569,Validator,88.72
570,Validator,88.72
571,Validator,88.73
572,Validator,88.73
573,Validator,88.74
574,Validator,88.74
575,Validator,88.75
576,Validator,88.75
577,Validator,88.76
578,Validator,88.77
579,Validator,88.77
580,Validator,88.78
581,Validator,88.78
582,Validator,88.79
583,Validator,88.79
584,Validator,88.80
585,Validator,88.80
586,Validator,88.81
587,Validator,88.81
588,Validator,88.82
589,Validator,88.82
590,Validator,88.82
591,Validator,88.83
592,Validator,88.84
593,Validator,88.84
594,Validator,88.86
595,Validator,88.86
596,Validator,88.87
597,Validator,88.88
598,Validator,89.01
599,Validator,88.89
600,Validator,88.90
601,Validator,88.90
602,Validator,88.91
603,Validator,88.92
604,Validator,88.92
605,Validator,88.93
606,Validator,88.93
607,Validator,88.93
608,Validator,88.93
609,Validator,88.95
610,Validator,88.95
611,Validator,88.96
612,Validator,88.96
613,Validator,88.97
614,Validator,88.97
615,Validator,88.98
616,Validator,88.98
617,Validator,89.00
618,Validator,89.00
619,Validator,89.00
620,Validator,89.00
621,Validator,89.01
622,Validator,89.02
623,Validator,89.03
624,Validator,89.04
625,Validator,89.04
626,Validator,89.05
627,Validator,89.05
628,Validator,89.05
629,Validator,89.05
630,Validator,89.07
631,Validator,89.07
632,Validator,89.09
633,Validator,89.09
634,Validator,89.10
635,Validator,89.10
636,Validator,89.11
637,Validator,89.11
638,Validator,89.12
639,Validator,89.12
640,Validator,89.13
641,Validator,89.13
642,Validator,89.14
643,Validator,89.14
644,Validator,89.15
645,Validator,89.16
646,Validator,89.17
647,Validator,89.18
648,Validator,89.18
649,Validator,89.19
650,Validator,89.19
651,Validator,89.20
652,Validator,89.20
653,Validator,89.21
654,Validator,89.20
655,Validator,89.21
656,Validator,89.21
657,Validator,89.22
658,Validator,89.23
659,Validator,89.24
660,Validator,89.24
661,Validator,89.25
662,Validator,89.25
663,Validator,89.26
664,Validator,89.26
665,Validator,89.27
666,Validator,89.27
667,Validator,89.29
668,Validator,89.29
669,Validator,89.29
670,Validator,89.31
671,Validator,89.31
672,Validator,89.32
673,Validator,89.32
674,Validator,89.32
675,Validator,89.32
676,Validator,89.33
677,Validator,89.33
678,Validator,89.36
679,Validator,89.36
680,Validator,89.38
681,Validator,89.38
682,Validator,89.39
683,Validator,89.39
684,Validator,89.40
685,Validator,89.40
686,Validator,89.41
687,Validator,89.41
688,Validator,89.43
689,Validator,89.43
690,Validator,89.43
691,Validator,89.44
692,Validator,89.44
693,Validator,89.46
694,Validator,89.46
695,Validator,89.48
696,Validator,89.48
697,Validator,89.49
698,Validator,89.49
699,Validator,89.49
700,Validator,89.49
701,Validator,89.51
702,Validator,89.51
703,Validator,89.52
704,Validator,89.52
705,Validator,89.53
706,Validator,89.53
707,Validator,89.54
708,Validator,89.55
709,Validator,89.56
710,Validator,89.56
711,Validator,89.57
712,Validator,89.69
713,Validator,89.59
714,Validator,89.60
715,Validator,89.60
716,Validator,89.61
717,Validator,89.61
718,Validator,89.62
719,Validator,89.62
720,Validator,89.62
721,Validator,89.63
722,Validator,89.64
723,Validator,89.64
724,Validator,89.66
725,Validator,89.66
726,Validator,89.67
727,Validator,89.67
728,Validator,89.68
729,Validator,89.68
730,Validator,89.70
731,Validator,89.70
732,Validator,89.71
733,Validator,89.71
734,Validator,89.73
735,Validator,89.73
736,Validator,89.74
737,Validator,89.75
738,Validator,89.75
739,Validator,89.76
740,Validator,89.76
741,Validator,89.77
742,Validator,89.77
743,Validator,89.78
744,Validator,89.78
745,Validator,89.79
746,Validator,89.79
747,Validator,89.80
748,Validator,89.80
749,Validator,89.81
750,Validator,89.81
751,Validator,89.82
752,Validator,89.82
753,Validator,89.83
754,Validator,89.83
755,Validator,89.85
756,Validator,89.85
757,Validator,89.86
758,Validator,89.98
759,Validator,89.87
760,Validator,89.88
761,Validator,89.88
762,Validator,89.89
763,Validator,89.89
764,Validator,89.90
765,Validator,89.90
766,Validator,89.91
767,Validator,89.91
768,Validator,89.91
769,Validator,89.91
770,Validator,89.93
771,Validator,89.93
772,Validator,89.93
773,Validator,89.93
774,Validator,89.95
775,Validator,89.95
776,Validator,89.96
777,Validator,89.96
778,Validator,89.98
779,Validator,89.98
780,Validator,89.98
781,Validator,89.98
782,Validator,89.99
783,Validator,90.00
784,Validator,90.00
785,Validator,90.02
786,Validator,90.02
787,Validator,90.03
788,Validator,90.03
789,Validator,90.04
790,Validator,90.04
791,Validator,90.05
792,Validator,90.05
793,Validator,90.05
794,Validator,90.05
795,Validator,90.06
796,Validator,90.06
797,Validator,90.08
798,Validator,90.08
799,Validator,90.09
800,Validator,90.09
801,Validator,90.10
802,Validator,90.11
803,Validator,90.11
804,Validator,90.12
805,Validator,90.12
806,Validator,90.13
807,Validator,90.13
808,Validator,90.14
809,Validator,90.14
810,Validator,90.16
811,Validator,90.16
812,Validator,90.16
813,Validator,90.16
814,Validator,90.18
815,Validator,90.18
816,Validator,90.19
817,Validator,90.32
818,Validator,90.20
819,Validator,90.20
820,Validator,90.21
821,Validator,90.21
822,Validator,90.23
823,Validator,90.23
824,Validator,90.27
825,Validator,90.27
826,Validator,90.28
827,Validator,90.28
828,Validator,90.29
829,Validator,90.30
830,Validator,90.30
831,Validator,90.31
832,Validator,90.31
833,Validator,90.32
834,Validator,90.32
835,Validator,90.33
836,Validator,90.33
837,Validator,90.34
838,Validator,90.34
839,Validator,90.34
840,Validator,90.35
841,Validator,90.36
842,Validator,90.37
843,Validator,90.39
844,Validator,90.39
845,Validator,90.40
846,Validator,90.40
847,Validator,90.41
848,Validator,90.41
849,Validator,90.55
850,Validator,90.55
851,Validator,90.56
852,Validator,90.57
853,Validator,90.57
854,Validator,90.59
855,Validator,90.59
856,Validator,90.59
857,Validator,90.59
858,Validator,90.60
859,Validator,90.60
860,Validator,90.62
861,Validator,90.75
862,Validator,90.64
863,Validator,90.64
864,Validator,90.64
865,Validator,90.65
866,Validator,90.66
867,Validator,90.66
868,Validator,91.78
869,Validator,91.78
870,Validator,91.79
871,Validator,91.79
872,Validator,91.80
873,Validator,91.80
874,Validator,91.80
875,Validator,91.82
876,Validator,91.82
877,Validator,91.82
878,Validator,91.82
879,Validator,91.83
880,Validator,91.83
881,Validator,91.84
882,Validator,91.84
883,Validator,91.86
884,Validator,91.85
885,Validator,91.86
886,Validator,91.86
887,Validator,91.87
888,Validator,91.87
889,Validator,91.89
890,Validator,91.89
891,Validator,91.90
892,Validator,91.90
893,Validator,93.41
894,Validator,93.41
895,Validator,93.41
896,Validator,93.42
897,Validator,93.43
898,Validator,93.43
899,Validator,93.43
900,Validator,93.44
901,Validator,93.44
902,Validator,93.45
903,Validator,93.45
904,Validator,93.46
905,Validator,93.46
906,Validator,93.47
907,Validator,93.47
908,Validator,93.48
909,Validator,93.48
910,Validator,93.49
911,Validator,93.49
912,Validator,93.50
913,Validator,93.50
914,Validator,93.52
915,Validator,93.52
916,Validator,93.53
917,Validator,93.53
918,Validator,93.54
919,Validator,93.57
920,Validator,93.57
921,Validator,93.59
922,Validator,93.59
923,Validator,93.59
924,Validator,93.59
925,Validator,93.61
926,Validator,93.61
927,Validator,93.62
928,Validator,93.61
929,Validator,93.62
930,Validator,93.62
931,Validator,93.63
932,Validator,93.63
933,Validator,93.64
934,Validator,93.64
935,Validator,93.65
936,Validator,93.65
937,Validator,93.67
938,Validator,93.67
939,Validator,93.68
940,Validator,93.68
941,Validator,93.68
942,Validator,93.69
943,Validator,93.70
944,Validator,93.71
945,Validator,93.71
946,Validator,93.72
947,Validator,93.72
948,Validator,93.72
949,Validator,93.72
950,Validator,93.73
951,Validator,93.73
952,Validator,93.74
953,Validator,93.74
954,Validator,93.75
955,Validator,93.75
956,Validator,93.77
957,Validator,93.77
958,Validator,93.84
959,Validator,93.84
960,Validator,93.86
961,Validator,93.86
962,Validator,93.86
963,Validator,93.86
964,Validator,93.88
965,Validator,93.88
966,Validator,93.88
967,Validator,93.89
968,Validator,93.89
969,Validator,93.90
970,Validator,93.90
971,Validator,93.91
972,Validator,93.91
973,Validator,93.92
974,Validator,93.92
975,Validator,93.93
976,Validator,93.93
977,Validator,93.95
978,Validator,93.96
979,Validator,93.97
980,Validator,93.97
981,Validator,93.98
982,Validator,93.98
983,Validator,93.99
984,Validator,93.99
985,Validator,94.00
986,Validator,94.00
987,Validator,96.00
988,Validator,96.00
989,Validator,96.01
990,Validator,96.01
991,Validator,96.01
992,Validator,96.01
993,Validator,96.01
994,Validator,96.01
995,Validator,96.01
996,Validator,96.07
997,Validator,96.62
998,Validator,96.73
999,Validator,96.80
1000,Validator,96.82
1001,Validator,97.02
1002,Validator,97.02
1003,Validator,97.06
1004,Validator,97.07
1005,Validator,97.11
1006,Validator,97.13
1007,Validator,97.13
1008,Validator,97.14
1009,Validator,97.14
1010,Validator,97.27
1011,Validator,97.15
1012,Validator,97.15
1013,Validator,97.16
1014,Validator,97.16
1015,Validator,97.21
1016,Validator,97.21
1017,Validator,97.21
1018,Validator,97.21
1019,Validator,97.22
1020,Validator,97.22
1021,Validator,97.22
1022,Validator,97.22
1023,Validator,97.22
1024,Validator,97.22
1025,Validator,97.22
1026,Validator,97.22
1027,Validator,97.23
1028,Validator,97.23
1029,Validator,97.23
1030,Validator,97.23
1031,Validator,97.23
1032,Validator,97.23
1033,Validator,97.23
1034,Validator,97.23
1035,Validator,97.23
1036,Validator,97.24
1037,Validator,97.24
1038,Validator,97.24
1039,Validator,97.25
1040,Validator,97.25
1041,Validator,97.25
1042,Validator,97.25
1043,Validator,97.25
1044,Validator,97.25
1045,Validator,97.26
1046,Validator,97.26
1047,Validator,97.26
1048,Validator,97.26
1049,Validator,97.26
1050,Validator,97.26
1051,Validator,97.26
1052,Validator,97.26
1053,Validator,97.27
1054,Validator,101.10
1055,Validator,101.20
1056,Validator,101.20
1057,Validator,101.30
1058,Validator,101.20
1059,Validator,101.20
1060,Validator,101.20
1061,Validator,101.20
1062,Validator,101.20
1063,Validator,101.20
1064,Validator,101.20
1065,Validator,101.20
1066,Validator,101.20
1067,Validator,101.20
1068,Validator,101.20
1069,Validator,101.20
1070,Validator,101.20
1071,Validator,101.20
1072,Validator,101.20
1073,Validator,101.20
1074,Validator,101.20
1075,Validator,101.20
1076,Validator,101.20
1077,Validator,101.20
1078,Validator,101.20
1079,Validator,101.20
1080,Validator,101.20
1081,Validator,101.20
1082,Validator,101.20
1083,Validator,101.20
1084,Validator,101.20
1085,Validator,101.20
1086,Validator,101.20
1087,Validator,101.20
1088,Validator,101.20
1089,Validator,101.20
1090,Validator,101.20
1091,Validator,101.20
1092,Validator,101.20
1093,Validator,101.20
1094,Validator,101.20
1095,Validator,101.20
1096,Validator,101.20
1097,Validator,101.20
1098,Validator,101.20
1099,Validator,101.20
1100,Validator,101.20
1101,Validator,101.30
1102,Validator,101.30
1103,Validator,101.30
1104,Validator,101.30
1105,Validator,101.30
1106,Validator,101.30
1107,Validator,101.30
1108,Validator,101.30
1109,Validator,101.30
1110,Validator,101.30
1111,Validator,101.30
1112,Validator,101.30
1113,Validator,101.30
1114,Validator,101.30
1115,Validator,101.30
1116,Validator,101.30
1117,Validator,101.30
1118,Validator,101.30
1119,Validator,101.30
1120,Validator,101.30
1121,Validator,101.30
1122,Validator,101.30
1123,Validator,101.30
1124,Validator,101.30
1125,Validator,101.30
1126,Validator,101.30
1127,Validator,101.30
1128,Validator,101.30
1129,Validator,101.30
1130,Validator,101.30
1131,Validator,101.30
1132,Validator,101.30
1133,Validator,101.30
1134,Validator,101.30
1135,Validator,101.30
1136,Validator,101.30
1137,Validator,101.30
1138,Validator,101.30
1139,Validator,101.30
1140,Validator,101.30
1141,Validator,101.30
1142,Validator,101.30
1143,Validator,101.30
1144,Validator,101.30
1145,Validator,101.30
1146,Validator,101.30
1147,Validator,101.30
1148,Validator,101.30
1149,Validator,101.40
1150,Validator,101.40
1151,Validator,101.40
1152,Validator,101.40
1153,Validator,101.40
1154,Validator,101.40
1155,Validator,101.40
1156,Validator,101.40
1157,Validator,101.40
1158,Validator,101.40
1159,Validator,101.40
1160,Validator,101.40
1161,Validator,101.40
1162,Validator,101.40
1163,Validator,101.40
1164,Validator,101.40
1165,Validator,101.40
1166,Validator,101.40
1167,Validator,101.40
1168,Validator,101.40
1169,Validator,101.40
1170,Validator,101.40
1171,Validator,101.40
1172,Validator,101.40
1173,Validator,101.40
1174,Validator,101.40
1175,Validator,101.40
1176,Validator,101.40
1177,Validator,101.40
1178,Validator,101.40
1179,Validator,101.40
1180,Validator,101.40
1181,Validator,101.40
1182,Validator,101.40
1183,Validator,101.40
1184,Validator,101.40
1185,Validator,101.40
1186,Validator,101.40
1187,Validator,101.40
1188,Validator,101.40
1189,Validator,101.40
1190,Validator,101.40
1191,Validator,101.40
1192,Validator,101.40
1193,Validator,101.50
1194,Validator,101.50
1195,Validator,101.50
1196,Validator,101.50
1197,Validator,101.50
1198,Validator,101.50
1199,Validator,101.50
1200,Validator,101.50
1201,Validator,101.50
1202,Validator,101.50
1203,Validator,101.50
1204,Validator,101.50
1205,Validator,101.50
1206,Validator,101.50
1207,Validator,101.50
1208,Validator,101.50
1209,Validator,101.50
1210,Validator,101.50
1211,Validator,101.50
1212,Validator,101.50
1213,Validator,101.50
1214,Validator,101.50
1215,Validator,101.50
1216,Validator,101.50
1217,Validator,101.50
1218,Validator,101.50
1219,Validator,101.50
1220,Validator,101.50
1221,Validator,101.50
1222,Validator,101.50
1223,Validator,101.50
1224,Validator,101.50
1225,Validator,101.50
1226,Validator,101.50
1227,Validator,101.50
1228,Validator,101.50
1229,Validator,101.50
1230,Validator,101.50
1231,Validator,101.50
1232,Validator,101.50
1233,Validator,101.50
1234,Validator,101.50
1235,Validator,101.50
1236,Validator,101.50
1237,Validator,101.50
1238,Validator,101.50
1239,Validator,101.50
1240,Validator,101.50
1241,Validator,101.60
1242,Validator,101.60
1243,Validator,101.60
1244,Validator,101.60
1245,Validator,101.60
1246,Validator,101.60
1247,Validator,101.60
1248,Validator,101.60
1249,Validator,101.60
1250,Validator,101.60
1251,Validator,101.60
1252,Validator,101.60
1253,Validator,101.60
1254,Validator,101.60
1255,Validator,101.60
1256,Validator,101.60
1257,Validator,101.60
1258,Validator,101.60
1259,Validator,101.60
1260,Validator,101.60
1261,Validator,101.60
1262,Validator,101.60
1263,Validator,101.60
1264,Validator,101.60
1265,Validator,101.60
1266,Validator,101.60
1267,Validator,101.60
1268,Validator,101.60
1269,Validator,101.60
1270,Validator,101.60
1271,Validator,101.60
1272,Validator,101.60
1273,Validator,101.60
1274,Validator,101.60
1275,Validator,101.60
1276,Validator,101.60
1277,Validator,101.60
1278,Validator,101.60
1279,Validator,101.70
1280,Validator,101.60
1281,Validator,101.60
1282,Validator,101.60
1283,Validator,101.60
1284,Validator,101.60
1285,Validator,101.60
1286,Validator,101.60
1287,Validator,101.60
1288,Validator,101.60
1289,Validator,101.60
1290,Validator,101.60
1291,Validator,101.60
1292,Validator,101.60
1293,Validator,101.60
1294,Validator,101.60
1295,Validator,101.60
1296,Validator,101.60
1297,Validator,101.60
1298,Validator,101.60
1299,Validator,101.60
1300,Validator,101.60
1301,Validator,101.60
1302,Validator,101.60
1303,Validator,101.60
1304,Validator,101.70
1305,Validator,101.60
1306,Validator,101.70
1307,Validator,101.70
1308,Validator,101.80
1309,Validator,101.70
1310,Validator,101.70
1311,Validator,101.70
1312,Validator,101.70
1313,Validator,101.70
1314,Validator,101.70
1315,Validator,101.70
1316,Validator,101.70
1317,Validator,101.70
1318,Validator,101.70
1319,Validator,101.70
1320,Validator,101.70
1321,Validator,101.70
1322,Validator,101.70
1323,Validator,101.70
1324,Validator,101.70
1325,Validator,101.70
1326,Validator,101.70
1327,Validator,101.70
1328,Validator,101.70
1329,Validator,101.70
1330,Validator,101.70
1331,Validator,101.70
1332,Validator,101.70
1333,Validator,101.70
1334,Validator,101.70
1335,Validator,101.70
1336,Validator,101.70
1337,Validator,101.70
1338,Validator,101.70
1339,Validator,101.70
1340,Validator,101.70
1341,Validator,101.70
1342,Validator,101.70
1343,Validator,101.70
1344,Validator,101.70
1345,Validator,101.70
1346,Validator,101.70
1347,Validator,101.70
1348,Validator,101.70
1349,Validator,101.70
1350,Validator,101.70
1351,Validator,101.70
1352,Validator,101.70
1353,Validator,101.70
1354,Validator,101.70
1355,Validator,101.70
1356,Validator,101.70
1357,Validator,101.70
1358,Validator,101.70
1359,Validator,101.70
1360,Validator,101.70
1361,Validator,101.80
1362,Validator,101.80
1363,Validator,101.80
1364,Validator,101.80
1365,Validator,101.80
1366,Validator,101.80
1367,Validator,101.80
1368,Validator,101.80
1369,Validator,101.80
1370,Validator,101.80
1371,Validator,101.80
1372,Validator,101.80
1373,Validator,101.80
1374,Validator,101.80
1375,Validator,101.80
1376,Validator,101.80
1377,Validator,101.80
1378,Validator,101.80
1379,Validator,101.80
1380,Validator,101.80
1381,Validator,101.80
1382,Validator,101.80
1383,Validator,101.80
1384,Validator,101.80
1385,Validator,101.80
1386,Validator,101.80
1387,Validator,101.80
1388,Validator,101.80
1389,Validator,101.80
1390,Validator,101.80
1391,Validator,101.80
1392,Validator,101.80
1393,Validator,101.80
1394,Validator,101.80
1395,Validator,101.80
1396,Validator,101.80
1397,Validator,101.80
1398,Validator,101.80
1399,Validator,101.80
1400,Validator,101.80
1401,Validator,101.80
1402,Validator,101.80
1403,Validator,101.80
1404,Validator,101.90
1405,Validator,101.90
1406,Validator,101.90
1407,Validator,101.90
1408,Validator,101.90
1409,Validator,101.90
1410,Validator,101.90
1411,Validator,101.90
1412,Validator,101.90
1413,Validator,101.90
1414,Validator,101.90
1415,Validator,101.90
1416,Validator,101.90
1417,Validator,101.90
1418,Validator,101.90
1419,Validator,101.90
1420,Validator,101.90
1421,Validator,101.90
1422,Validator,101.90
1423,Validator,101.90
1424,Validator,101.90
1425,Validator,101.90
1426,Validator,101.90
1427,Validator,101.90
1428,Validator,101.90
1429,Validator,101.90
1430,Validator,101.90
1431,Validator,101.90
1432,Validator,101.90
1433,Validator,101.90
1434,Validator,101.90
1435,Validator,101.90
1436,Validator,101.90
1437,Validator,101.90
1438,Validator,101.90
1439,Validator,101.90
1440,Validator,101.90
1441,Validator,101.90
1442,Validator,101.90
1443,Validator,101.90
1444,Validator,102.00
1445,Validator,102.00
1446,Validator,102.00
1447,Validator,102.00
1448,Validator,102.00
1449,Validator,102.00
1450,Validator,102.00
1451,Validator,102.00
1452,Validator,102.00
1453,Validator,102.00
1454,Validator,102.00
1455,Validator,102.00
1456,Validator,102.00
1457,Validator,102.00
1458,Validator,102.00
1459,Validator,102.00
1460,Validator,102.00
1461,Validator,102.00
1462,Validator,102.00
1463,Validator,102.00
1464,Validator,102.00
1465,Validator,102.00
1466,Validator,102.00
1467,Validator,102.00
1468,Validator,102.00
1469,Validator,102.00
1470,Validator,102.00
1471,Validator,102.00
1472,Validator,102.00
1473,Validator,102.00
1474,Validator,102.00
1475,Validator,102.00
1476,Validator,102.00
1477,Validator,102.00
1478,Validator,102.00
1479,Validator,102.00
1480,Validator,102.00
1481,Validator,102.00
1482,Validator,102.00
1483,Validator,102.00
1484,Validator,102.00
1485,Validator,102.00
1486,Validator,102.00
1487,Validator,102.10
1488,Validator,102.10
1489,Validator,102.10
1490,Validator,102.10
1491,Validator,102.10
1492,Validator,102.10
1493,Validator,102.10
1494,Validator,102.10
1495,Validator,102.10
1496,Validator,102.10
1497,Validator,102.10
1498,Validator,102.10
1499,Validator,102.10
1500,Validator,102.20
1501,Validator,102.20
1502,Validator,102.20
1503,Validator,102.20
1504,Validator,102.20
1505,Validator,102.20
1506,Validator,102.20
1507,Validator,102.20
1508,Validator,102.20
1509,Validator,102.20
1510,Validator,102.20
1511,Validator,102.20
1512,Validator,102.20
1513,Validator,102.20
1514,Validator,102.20
1515,Validator,102.20
1516,Validator,102.30
1517,Validator,102.30
1518,Validator,102.30
1519,Validator,102.30
1520,Validator,102.30
1521,Validator,102.30
1522,Validator,102.30
1523,Validator,102.30
1524,Validator,102.30
1525,Validator,102.30
1526,Validator,102.30
1527,Validator,102.30
1528,Validator,102.30
1529,Validator,102.30
1530,Validator,102.30
1531,Validator,102.30
1532,Validator,102.30
1533,Validator,102.40
1534,Validator,102.40
1535,Validator,102.40
1536,Validator,102.40
1537,Validator,102.40
1538,Validator,102.40
1539,Validator,102.40
1540,Validator,102.40
1541,Validator,102.40
1542,Validator,102.40
1543,Validator,102.40
1544,Validator,102.40
1545,Validator,102.40
1546,Validator,102.40
1547,Validator,102.40
1548,Validator,102.40
1549,Validator,102.40
1550,Validator,102.40
1551,Validator,102.40
1552,Validator,102.50
1553,Validator,102.50
1554,Validator,102.50
1555,Validator,102.50
1556,Validator,102.50
1557,Validator,102.50
1558,Validator,102.50
1559,Validator,102.50
1560,Validator,102.50
1561,Validator,102.50
1562,Validator,102.50
1563,Validator,102.50
1564,Validator,102.60
1565,Validator,102.60
1566,Validator,102.60
1567,Validator,102.60
1568,Validator,102.60
1569,Validator,102.60
1570,Validator,102.60
1571,Validator,102.70
1572,Validator,102.70
1573,Validator,102.70
1574,Validator,102.70
1575,Validator,102.70
1576,Validator,102.70
1577,Validator,102.70
1578,Validator,102.70
1579,Validator,102.70
1580,Validator,102.70
1581,Validator,102.70
1582,Validator,102.70
1583,Validator,102.80
1584,Validator,102.80
1585,Validator,102.80
1586,Validator,102.80
1587,Validator,102.80
1588,Validator,102.80
1589,Validator,102.80
1590,Validator,103.00
1591,Validator,102.90
1592,Validator,102.90
1593,Validator,102.90
1594,Validator,102.90
1595,Validator,102.90
1596,Validator,102.90
1597,Validator,102.90
1598,Validator,102.90
1599,Validator,102.90
1600,Validator,102.90
1601,Validator,102.90
1602,Validator,103.00
1603,Validator,103.00
1604,Validator,103.00
1605,Validator,103.00
1606,Validator,103.00
1607,Validator,103.00
1608,Validator,103.00
1609,Validator,103.00
1610,Validator,103.00
1611,Validator,103.00
1612,Validator,103.00
1613,Validator,103.10
1614,Validator,103.10
1615,Validator,103.10
1616,Validator,103.10
1617,Validator,103.10
1618,Validator,103.10
1619,Validator,103.10
1620,Validator,103.10
1621,Validator,103.10
1622,Validator,103.10
1623,Validator,103.10
1624,Validator,103.10
1625,Validator,103.10
1626,Validator,103.10
1627,Validator,103.20
1628,Validator,103.20
1629,Validator,103.20
1630,Validator,103.20
1631,Validator,103.20
1632,Validator,103.20
1633,Validator,103.20
1634,Validator,103.30
1635,Validator,103.30
1636,Validator,103.30
1637,Validator,103.30
1638,Validator,103.30
1639,Validator,103.30
1640,Validator,103.30
1641,Validator,103.30
1642,Validator,103.30
1643,Validator,103.30
1644,Validator,103.30
1645,Validator,103.30
1646,Validator,103.40
1647,Validator,103.40
1648,Validator,103.40
1649,Validator,103.40
1650,Validator,103.40
1651,Validator,103.40
1652,Validator,103.40
1653,Validator,103.40
1654,Validator,103.50
1655,Validator,103.50
1656,Validator,103.50
1657,Validator,103.50
1658,Validator,103.50
1659,Validator,103.50
1660,Validator,103.50
1661,Validator,103.50
1662,Validator,103.50
1663,Validator,103.50
1664,Validator,103.50
1665,Validator,103.50
1666,Validator,103.50
1667,Validator,103.60
1668,Validator,103.60
1669,Validator,103.60
1670,Validator,103.60
1671,Validator,103.60
1672,Validator,103.60
1673,Validator,103.60
1674,Validator,103.60
1675,Validator,103.60
1676,Validator,103.60
1677,Validator,103.60
1678,Validator,103.60
1679,Validator,103.60
1680,Validator,103.70
1681,Validator,103.70
1682,Validator,103.70
1683,Validator,103.70
1684,Validator,103.70
1685,Validator,103.70
1686,Validator,103.70
1687,Validator,103.70
1688,Validator,103.70
1689,Validator,103.70
1690,Validator,103.70
1691,Validator,103.70
1692,Validator,103.80
1693,Validator,103.80
1694,Validator,103.80
1695,Validator,103.80
1696,Validator,103.90
1697,Validator,103.90
1698,Validator,103.90
1699,Validator,103.90
1700,Validator,103.90
1701,Validator,103.90
1702,Validator,103.90
1703,Validator,104.00
1704,Validator,104.00
1705,Validator,104.00
1706,Validator,104.00
1707,Validator,104.00
1708,Validator,104.00
1709,Validator,104.00
1710,Validator,104.00
1711,Validator,104.00
1712,Validator,104.00
1713,Validator,104.00
1714,Validator,104.00
1715,Validator,104.10
1716,Validator,104.10
1717,Validator,104.10
1718,Validator,104.10
1719,Validator,104.10
1720,Validator,104.10
1721,Validator,104.10
1722,Validator,104.10
1723,Validator,104.10
1724,Validator,104.20
1725,Validator,104.20
1726,Validator,104.20
1727,Validator,104.20
1728,Validator,104.20
1729,Validator,104.20
1730,Validator,104.20
1731,Validator,104.20
1732,Validator,104.20
1733,Validator,104.20
1734,Validator,104.20
1735,Validator,104.20
1736,Validator,104.20
1737,Validator,104.20
1738,Validator,104.30
1739,Validator,104.30
1740,Validator,104.30
1741,Validator,104.30
1742,Validator,104.30
1743,Validator,104.30
1744,Validator,104.30
1745,Validator,104.30
1746,Validator,104.30
1747,Validator,104.30
1748,Validator,104.40
1749,Validator,104.40
1750,Validator,104.40
1751,Validator,104.40
1752,Validator,104.40
1753,Validator,104.40
1754,Validator,104.40
1755,Validator,104.40
1756,Validator,104.40
1757,Validator,104.40
1758,Validator,104.40
1759,Validator,104.50
1760,Validator,104.50
1761,Validator,104.50
1762,Validator,104.50
1763,Validator,104.50
1764,Validator,104.50
1765,Validator,104.50
1766,Validator,104.50
1767,Validator,104.50
1768,Validator,104.50
1769,Validator,104.60
1770,Validator,104.60
1771,Validator,104.60
1772,Validator,104.60
1773,Validator,104.60
1774,Validator,104.60
1775,Validator,104.60
1776,Validator,104.60
1777,Validator,104.60
1778,Validator,104.60
1779,Validator,104.60
1780,Validator,104.60
1781,Validator,104.60
1782,Validator,104.70
1783,Validator,104.70
1784,Validator,104.70
1785,Validator,104.70
1786,Validator,104.70
1787,Validator,104.70
1788,Validator,104.70
1789,Validator,104.70
1790,Validator,104.80
1791,Validator,104.80
1792,Validator,104.90
1793,Validator,104.80
1794,Validator,104.80
1795,Validator,104.80
1796,Validator,104.80
1797,Validator,104.80
1798,Validator,104.80
1799,Validator,104.80
1800,Validator,104.80
1801,Validator,104.80
1802,Validator,104.80
1803,Validator,104.80
1804,Validator,104.80
1805,Validator,104.90
1806,Validator,104.90
1807,Validator,104.90
1808,Validator,104.90
1809,Validator,104.90
1810,Validator,104.90
1811,Validator,104.90
1812,Validator,104.90
1813,Validator,104.90
1814,Validator,105.10
1815,Validator,104.90
1816,Validator,104.90
1817,Validator,105.00
1818,Validator,105.00
1819,Validator,105.00
1820,Validator,105.00
1821,Validator,105.00
1822,Validator,105.00
1823,Validator,105.00
1824,Validator,105.10
1825,Validator,105.10
1826,Validator,105.10
1827,Validator,105.10
1828,Validator,105.10
1829,Validator,105.10
1830,Validator,105.10
1831,Validator,105.10
1832,Validator,105.10
1833,Validator,105.10
1834,Validator,105.10
1835,Validator,105.10
1836,Validator,105.10
1837,Validator,105.10
1838,Validator,105.10
1839,Validator,105.10
1840,Validator,105.20
1841,Validator,105.20
1842,Validator,105.20
1843,Validator,105.20
1844,Validator,105.20
1845,Validator,105.20
1846,Validator,105.20
1847,Validator,105.20
1848,Validator,105.20
1849,Validator,105.20
1850,Validator,105.20
1851,Validator,105.30
1852,Validator,105.30
1853,Validator,105.30
1854,Validator,105.30
1855,Validator,105.30
1856,Validator,105.30
1857,Validator,105.30
1858,Validator,105.30
1859,Validator,105.30
1860,Validator,105.30
1861,Validator,105.30
1862,Validator,105.30
1863,Validator,105.40
1864,Validator,105.40
1865,Validator,105.40
1866,Validator,105.40
1867,Validator,105.40
1868,Validator,105.40
1869,Validator,105.40
1870,Validator,105.40
1871,Validator,105.40
1872,Validator,105.40
1873,Validator,105.40
1874,Validator,105.50
1875,Validator,105.50
1876,Validator,105.50
1877,Validator,105.50
1878,Validator,105.50
1879,Validator,105.50
1880,Validator,105.50
1881,Validator,105.50
1882,Validator,105.50
1883,Validator,105.50
1884,Validator,107.00
1885,Validator,107.00
1886,Validator,107.00
1887,Validator,107.00
1888,Validator,107.10
1889,Validator,107.10
1890,Validator,107.10
1891,Validator,107.10
1892,Validator,107.10
1893,Validator,107.10
1894,Validator,107.10
1895,Validator,107.10
1896,Validator,107.10
1897,Validator,107.20
1898,Validator,107.20
1899,Validator,107.20
1900,Validator,107.20
1901,Validator,107.20
1902,Validator,107.20
1903,Validator,107.20
1904,Validator,107.20
1905,Validator,107.20
1906,Validator,107.20
1907,Validator,107.20
1908,Validator,107.20
1909,Validator,107.30
1910,Validator,107.30
1911,Validator,107.30
1912,Validator,107.30
1913,Validator,107.30
1914,Validator,107.30
1915,Validator,107.30
1916,Validator,107.30
1917,Validator,107.30
1918,Validator,107.30
1919,Validator,107.30
1920,Validator,107.30
1921,Validator,107.30
1922,Validator,107.40
1923,Validator,107.40
1924,Validator,107.40
1925,Validator,107.40
1926,Validator,107.40
1927,Validator,107.40
1928,Validator,107.40
1929,Validator,107.40
1930,Validator,107.40
1931,Validator,107.40
1932,Validator,107.40
1933,Validator,107.60
1934,Validator,107.40
1935,Validator,107.50
1936,Validator,107.50
1937,Validator,107.60
1938,Validator,107.50
1939,Validator,107.60
1940,Validator,107.60
1941,Validator,107.60
1942,Validator,107.60
1943,Validator,107.60
1944,Validator,107.60
1945,Validator,107.60
1946,Validator,107.60
1947,Validator,107.60
1948,Validator,107.60
1949,Validator,107.60
1950,Validator,107.60
1951,Validator,107.70
1952,Validator,107.70
1953,Validator,107.70
1954,Validator,107.70
1955,Validator,107.70
1956,Validator,107.70
1957,Validator,107.70
1958,Validator,107.70
1959,Validator,107.70
1960,Validator,107.70
1961,Validator,107.70
1962,Validator,107.80
1963,Validator,107.80
1964,Validator,107.80
1965,Validator,107.80
1966,Validator,107.80
1967,Validator,107.80
1968,Validator,107.80
1969,Validator,107.80
1970,Validator,107.80
1971,Validator,107.80
1972,Validator,107.80
1973,Validator,107.80
1974,Validator,107.90
1975,Validator,107.90
1976,Validator,107.90
1977,Validator,107.90
1978,Validator,107.90
1979,Validator,107.90
1980,Validator,107.90
1981,Validator,108.00
1982,Validator,108.00
1983,Validator,108.00
1984,Validator,108.00
1985,Validator,108.00
1986,Validator,108.00
1987,Validator,108.00
1988,Validator,108.00
1989,Validator,108.00
1990,Validator,108.00
1991,Validator,108.00
1992,Validator,108.00
1993,Validator,108.10
1994,Validator,108.10
1995,Validator,108.10
1996,Validator,108.10
1997,Validator,108.10
1998,Validator,108.10
1999,Validator,108.10
2000,Validator,108.20
2001,Validator,108.10
2002,Validator,108.20
2003,Validator,108.10
2004,Validator,108.10
2005,Validator,108.10
2006,Validator,108.20
2007,Validator,108.20
2008,Validator,108.20
2009,Validator,108.20
2010,Validator,108.20
2011,Validator,108.20
2012,Validator,108.20
2013,Validator,108.20
2014,Validator,108.20
2015,Validator,108.20
2016,Validator,108.20
2017,Validator,108.20
2018,Validator,108.30
2019,Validator,108.30
2020,Validator,108.30
2021,Validator,108.30
2022,Validator,108.30
2023,Validator,108.30
2024,Validator,108.30
2025,Validator,108.40
2026,Validator,108.30
2027,Validator,108.30
2028,Validator,108.30
2029,Validator,108.30
2030,Validator,108.30
2031,Validator,108.40
2032,Validator,108.40
2033,Validator,108.40
2034,Validator,108.40
2035,Validator,108.40
2036,Validator,108.40
2037,Validator,108.40
2038,Validator,108.40
2039,Validator,108.40
2040,Validator,108.40
2041,Validator,108.50
2042,Validator,108.50
2043,Validator,108.50
2044,Validator,108.50
2045,Validator,108.50
2046,Validator,108.50
2047,Validator,108.50
2048,Validator,108.50
2049,Validator,108.50
2050,Validator,108.50
2051,Validator,108.50
2052,Validator,108.60
2053,Validator,108.60
2054,Validator,108.60
2055,Validator,108.60
2056,Validator,108.60
2057,Validator,108.60
2058,Validator,108.60
2059,Validator,108.60
2060,Validator,108.60
2061,Validator,108.60
2062,Validator,108.60
2063,Validator,108.60
2064,Validator,108.60
2065,Validator,108.60
2066,Validator,108.60
2067,Validator,108.60
2068,Validator,110.70
2069,Validator,110.70
2070,Validator,110.70
2071,Validator,110.70
2072,Validator,110.70
2073,Validator,110.70
2074,Validator,110.70
2075,Validator,110.70
2076,Validator,110.70
2077,Validator,110.80
2078,Validator,110.80
2079,Validator,110.80
2080,Validator,110.80
2081,Validator,110.80
2082,Validator,110.80
2083,Validator,110.80
2084,Validator,110.80
2085,Validator,110.80
2086,Validator,110.80
2087,Validator,110.80
2088,Validator,110.80
2089,Validator,110.80
2090,Validator,110.80
2091,Validator,110.80
2092,Validator,110.80
2093,Validator,110.80
2094,Validator,111.00
2095,Validator,110.80
2096,Validator,110.90
2097,Validator,110.90
2098,Validator,110.90
2099,Validator,110.90
2100,Validator,110.90
2101,Validator,110.90
2102,Validator,110.90
2103,Validator,110.90
2104,Validator,110.90
2105,Validator,110.90
2106,Validator,110.90
2107,Validator,110.90
2108,Validator,110.90
2109,Validator,110.90
2110,Validator,110.90
2111,Validator,110.90
2112,Validator,111.00
2113,Validator,111.00
2114,Validator,111.00
2115,Validator,111.00
2116,Validator,111.00
2117,Validator,111.00
2118,Validator,111.10
2119,Validator,111.00
2120,Validator,111.00
2121,Validator,111.00
2122,Validator,111.00
2123,Validator,111.00
2124,Validator,111.00
2125,Validator,111.00
2126,Validator,111.00
2127,Validator,111.00
2128,Validator,111.00
2129,Validator,111.00
2130,Validator,111.00
2131,Validator,110.20
2132,Validator,110.20
2133,Validator,110.30
2134,Validator,110.30
2135,Validator,110.30
2136,Validator,110.30
2137,Validator,110.30
2138,Validator,110.30
2139,Validator,110.30
2140,Validator,110.40
2141,Validator,110.40
2142,Validator,110.40
2143,Validator,110.40
2144,Validator,110.40
2145,Validator,110.40
2146,Validator,110.40
2147,Validator,110.40
2148,Validator,110.50
2149,Validator,110.50
2150,Validator,110.50
2151,Validator,110.50
2152,Validator,110.50
2153,Validator,110.50
2154,Validator,110.50
2155,Validator,110.50
2156,Validator,110.60
2157,Validator,110.60
2158,Validator,110.60
2159,Validator,110.70
2160,Validator,110.60
2161,Validator,110.60
2162,Validator,110.60
2163,Validator,110.70
2164,Validator,110.70
2165,Validator,110.70
2166,Validator,110.70
2167,Validator,110.70
2168,Validator,110.70
2169,Validator,110.70
2170,Validator,110.70
2171,Validator,110.80
2172,Validator,110.80
2173,Validator,110.80
2174,Validator,110.80
2175,Validator,110.80
2176,Validator,110.80
2177,Validator,110.80
2178,Validator,110.80
2179,Validator,109.20
2180,Validator,109.20
2181,Validator,109.20
2182,Validator,109.20
2183,Validator,109.20
2184,Validator,109.20
2185,Validator,109.20
2186,Validator,109.30
2187,Validator,109.30
2188,Validator,109.30
2189,Validator,109.30
2190,Validator,109.30
2191,Validator,109.30
2192,Validator,109.30
2193,Validator,109.30
2194,Validator,109.40
2195,Validator,109.40
2196,Validator,109.40
2197,Validator,109.40
2198,Validator,109.40
2199,Validator,109.40
2200,Validator,109.40
2201,Validator,109.40
2202,Validator,109.50
2203,Validator,109.50
2204,Validator,109.50
2205,Validator,109.50
2206,Validator,109.50
2207,Validator,109.50
2208,Validator,109.50
2209,Validator,109.60
2210,Validator,109.60
2211,Validator,109.60
2212,Validator,109.60
2213,Validator,109.60
2214,Validator,109.60
2215,Validator,109.60
2216,Validator,109.60
2217,Validator,109.70
2218,Validator,109.70
2219,Validator,109.70
2220,Validator,109.70
2221,Validator,109.70
2222,Validator,109.70
2223,Validator,109.70
2224,Validator,109.30
2225,Validator,109.30
2226,Validator,109.40
2227,Validator,109.40
2228,Validator,109.40
2229,Validator,109.40
2230,Validator,109.40
2231,Validator,109.40
2232,Validator,109.40
2233,Validator,109.40
2234,Validator,109.50
2235,Validator,109.50
2236,Validator,109.50
2237,Validator,109.50
2238,Validator,109.50
2239,Validator,109.50
2240,Validator,109.50
2241,Validator,109.50
2242,Validator,109.50
2243,Validator,109.50
2244,Validator,109.60
2245,Validator,109.60
2246,Validator,109.60
2247,Validator,109.70
2248,Validator,109.60
2249,Validator,109.60
2250,Validator,109.60
2251,Validator,109.70
2252,Validator,109.70
2253,Validator,109.70
2254,Validator,109.70
2255,Validator,109.70
2256,Validator,109.70
2257,Validator,109.70
2258,Validator,109.70
2259,Validator,109.80
2260,Validator,109.80
2261,Validator,109.80
2262,Validator,109.80
2263,Validator,109.80
2264,Validator,109.80
2265,Validator,109.80
2266,Validator,110.00
2267,Validator,109.90
2268,Validator,109.90
2269,Validator,109.90
2270,Validator,109.90
2271,Validator,109.90
2272,Validator,109.90
2273,Validator,109.90
2274,Validator,110.00
2275,Validator,110.00
2276,Validator,110.00
2277,Validator,110.00
2278,Validator,110.00
2279,Validator,110.00
2280,Validator,110.00
2281,Validator,110.00
2282,Validator,110.10
2283,Validator,110.10
2284,Validator,110.10
2285,Validator,110.10
2286,Validator,110.10
2287,Validator,110.10
2288,Validator,110.10
2289,Validator,110.10
2290,Validator,110.10
2291,Validator,110.20
2292,Validator,110.20
2293,Validator,110.20
2294,Validator,110.20
2295,Validator,110.20
2296,Validator,110.20
2297,Validator,110.20
2298,Validator,110.20
2299,Validator,110.30
2300,Validator,110.30
2301,Validator,110.30
2302,Validator,110.30
2303,Validator,110.30
2304,Validator,110.30
2305,Validator,110.30
2306,Validator,110.30
2307,Validator,110.40
2308,Validator,110.40
2309,Validator,110.40
2310,Validator,110.40
2311,Validator,110.40
2312,Validator,110.40
2313,Validator,110.40
2314,Validator,110.60
2315,Validator,110.50
2316,Validator,110.50
2317,Validator,110.50
2318,Validator,110.50
2319,Validator,110.50
2320,Validator,110.50
2321,Validator,110.50
2322,Validator,110.60
2323,Validator,110.60
2324,Validator,110.60
2325,Validator,110.60
2326,Validator,110.60
2327,Validator,110.60
2328,Validator,110.60
2329,Validator,110.60
2330,Validator,110.70
2331,Validator,110.70
2332,Validator,110.70
2333,Validator,110.70
2334,Validator,110.70
2335,Validator,110.70
2336,Validator,110.70
2337,Validator,110.70
2338,Validator,110.80
2339,Validator,110.80
2340,Validator,110.80
2341,Validator,110.80
2342,Validator,110.80
2343,Validator,110.80
2344,Validator,110.80
2345,Validator,110.90
2346,Validator,110.90
2347,Validator,110.90
2348,Validator,110.90
2349,Validator,110.90
2350,Validator,110.90
2351,Validator,110.90
2352,Validator,110.90
2353,Validator,111.70
2354,Validator,111.70
2355,Validator,111.70
2356,Validator,111.70
2357,Validator,111.70
2358,Validator,111.70
2359,Validator,111.80
2360,Validator,111.80
2361,Validator,111.80
2362,Validator,111.80
2363,Validator,111.80
2364,Validator,111.80
2365,Validator,111.80
2366,Validator,111.90
2367,Validator,111.90
2368,Validator,111.90
2369,Validator,111.90
2370,Validator,111.90
2371,Validator,111.90
2372,Validator,111.90
2373,Validator,111.90
2374,Validator,114.00
2375,Validator,114.00
2376,Validator,114.00
2377,Validator,114.00
2378,Validator,114.00
2379,Validator,114.00
2380,Validator,114.00
2381,Validator,114.00
2382,Validator,114.00
2383,Validator,114.00
2384,Validator,114.00
2385,Validator,114.00
2386,Validator,116.00
2387,Validator,116.10
2388,Validator,116.00
2389,Validator,116.00
2390,Validator,116.00
2391,Validator,116.00
2392,Validator,116.00
2393,Validator,116.00
2394,Validator,116.00
2395,Validator,116.00
2396,Validator,116.00
2397,Validator,116.00
2398,Validator,116.00
2399,Validator,116.00
2400,Validator,116.00
2401,Validator,116.00
2402,Validator,116.00
2403,Validator,116.00
2404,Validator,116.00
2405,Validator,116.00
2406,Validator,116.00
2407,Validator,116.00
2408,Validator,116.00
2409,Validator,116.00
2410,Validator,116.00
2411,Validator,116.00
2412,Validator,116.00
2413,Validator,116.00
2414,Validator,116.00
2415,Validator,116.00
2416,Validator,116.00
2417,Validator,116.00
2418,Validator,116.00
2419,Validator,116.00
2420,Validator,116.00
2421,Validator,116.00
2422,Validator,116.00
2423,Validator,116.00
2424,Validator,116.10
2425,Validator,116.10
2426,Validator,116.10
2427,Validator,116.10
2428,Validator,116.10
2429,Validator,116.10
2430,Validator,116.10
2431,Validator,116.10
2432,Validator,116.10
2433,Validator,116.10
2434,Validator,116.10
2435,Validator,116.10
2436,Validator,116.10
2437,Validator,116.20
2438,Validator,116.10
2439,Validator,116.10
2440,Validator,116.10
2441,Validator,116.10
2442,Validator,116.10
2443,Validator,116.10
2444,Validator,116.10
2445,Validator,116.10
2446,Validator,116.10
2447,Validator,116.10
2448,Validator,116.10
2449,Validator,116.10
2450,Validator,116.10
2451,Validator,116.10
2452,Validator,116.10
2453,Validator,116.10
2454,Validator,116.10
2455,Validator,116.10
2456,Validator,116.10
2457,Validator,116.10
2458,Validator,116.10
2459,Validator,116.10
2460,Validator,116.20
2461,Validator,116.10
2462,Validator,116.10
2463,Validator,116.10
2464,Validator,116.10
2465,Validator,116.10
2466,Validator,116.10
2467,Validator,116.10
2468,Validator,116.10
2469,Validator,116.10
2470,Validator,116.10
2471,Validator,116.10
2472,Validator,116.10
2473,Validator,116.10
2474,Validator,116.10
2475,Validator,116.10
2476,Validator,116.10
2477,Validator,116.10
2478,Validator,116.10
2479,Validator,116.10
2480,Validator,116.10
2481,Validator,116.10
2482,Validator,116.50
2483,Validator,116.50
2484,Validator,116.50
2485,Validator,116.50
2486,Validator,116.50
2487,Validator,116.50
2488,Validator,116.50
2489,Validator,116.50
2490,Validator,116.50
2491,Validator,116.50
2492,Validator,116.50
2493,Validator,116.50
2494,Validator,116.50
2495,Validator,116.50
2496,Validator,116.50
2497,Validator,116.50
2498,Validator,116.50
2499,Validator,116.50
2500,Validator,116.50
2501,Validator,116.50
2502,Validator,116.50
2503,Validator,116.50
2504,Validator,116.60
2505,Validator,116.60
2506,Validator,116.60
2507,Validator,116.60
2508,Validator,116.60
2509,Validator,116.60
2510,Validator,116.60
2511,Validator,116.60
2512,Validator,116.60
2513,Validator,116.60
2514,Validator,116.60
2515,Validator,116.60
2516,Validator,116.60
2517,Validator,116.60
2518,Validator,116.60
2519,Validator,116.60
2520,Validator,116.60
2521,Validator,116.60
2522,Validator,116.60
2523,Validator,116.60
2524,Validator,116.60
2525,Validator,116.60
2526,Validator,116.60
2527,Validator,116.60
2528,Validator,116.60
2529,Validator,116.60
2530,Validator,116.60
2531,Validator,116.60
2532,Validator,116.60
2533,Validator,116.60
2534,Validator,116.60
2535,Validator,116.60
2536,Validator,116.60
2537,Validator,116.60
2538,Validator,116.60
2539,Validator,116.60
2540,Validator,116.60
2541,Validator,116.60
2542,Validator,116.60
2543,Validator,116.60
2544,Validator,116.60
2545,Validator,116.60
2546,Validator,116.60
2547,Validator,116.60
2548,Validator,116.60
2549,Validator,116.60
2550,Validator,116.60
2551,Validator,116.60
2552,Validator,116.60
2553,Validator,116.60
2554,Validator,116.60
2555,Validator,116.60
2556,Validator,116.60
2557,Validator,116.60
2558,Validator,116.60
2559,Validator,116.60
2560,Validator,116.60
2561,Validator,116.60
2562,Validator,116.60
2563,Validator,116.60
2564,Validator,116.60
2565,Validator,116.60
2566,Validator,116.60
2567,Validator,116.60
2568,Validator,116.60
2569,Validator,116.60
2570,Validator,116.60
2571,Validator,116.60
2572,Validator,118.10
2573,Validator,118.10
2574,Validator,118.10
2575,Validator,118.10
2576,Validator,118.10
2577,Validator,118.10
2578,Validator,118.10
2579,Validator,118.10
2580,Validator,118.10
2581,Validator,118.10
2582,Validator,118.10
2583,Validator,118.10
2584,Validator,118.10
2585,Validator,118.10
2586,Validator,118.10
2587,Validator,118.10
2588,Validator,118.10
2589,Validator,118.10
2590,Validator,118.10
2591,Validator,118.20
2592,Validator,118.20
2593,Validator,118.20
2594,Validator,118.20
2595,Validator,118.20
2596,Validator,118.20
2597,Validator,118.20
2598,Validator,118.20
2599,Validator,118.20
2600,Validator,118.20
2601,Validator,118.20
2602,Validator,118.20
2603,Validator,118.20
2604,Validator,118.20
2605,Validator,118.20
2606,Validator,118.20
2607,Validator,118.20
2608,Validator,118.20
2609,Validator,118.20
2610,Validator,118.20
2611,Validator,118.20
2612,Validator,118.20
2613,Validator,118.20
2614,Validator,118.20
2615,Validator,118.20
2616,Validator,118.20
2617,Validator,118.20
2618,Validator,118.20
2619,Validator,118.20
2620,Validator,118.20
2621,Validator,118.20
2622,Validator,118.20
2623,Validator,118.20
2624,Validator,118.20
2625,Validator,118.20
2626,Validator,118.20
2627,Validator,118.20
2628,Validator,118.20
2629,Validator,118.20
2630,Validator,118.20
2631,Validator,118.20
2632,Validator,118.20
2633,Validator,118.20
2634,Validator,118.20
2635,Validator,118.20
2636,Validator,118.20
2637,Validator,118.20
2638,Validator,118.20
2639,Validator,118.20
2640,Validator,118.20
2641,Validator,118.20
2642,Validator,118.20
2643,Validator,118.20
2644,Validator,118.20
2645,Validator,118.20
2646,Validator,118.20
2647,Validator,118.20
2648,Validator,118.20
2649,Validator,118.20
2650,Validator,118.30
2651,Validator,118.30
2652,Validator,118.30
2653,Validator,118.30
2654,Validator,118.30
2655,Validator,118.30
2656,Validator,118.30
2657,Validator,118.30
2658,Validator,118.30
2659,Validator,118.30
2660,Validator,118.30
2661,Validator,118.30
2662,Validator,118.40
2663,Validator,118.40
2664,Validator,118.40
2665,Validator,118.40
2666,Validator,118.40
2667,Validator,118.40
2668,Validator,118.40
2669,Validator,118.60
2670,Validator,118.50
2671,Validator,118.60
2672,Validator,118.60
2673,Validator,118.60
2674,Validator,118.60
2675,Validator,118.60
2676,Validator,118.60
2677,Validator,118.60
2678,Validator,118.60
2679,Validator,118.60
2680,Validator,118.60
2681,Validator,118.60
2682,Validator,118.60
2683,Validator,118.70
2684,Validator,118.70
2685,Validator,118.70
2686,Validator,118.70
2687,Validator,118.70
2688,Validator,118.70
2689,Validator,118.70
2690,Validator,118.70
2691,Validator,118.70
2692,Validator,118.70
2693,Validator,118.70
2694,Validator,118.80
2695,Validator,118.80
2696,Validator,118.80
2697,Validator,118.80
2698,Validator,118.80
2699,Validator,118.80
2700,Validator,118.80
2701,Validator,118.80
2702,Validator,118.80
2703,Validator,118.80
2704,Validator,118.80
2705,Validator,118.80
2706,Validator,118.90
2707,Validator,118.90
2708,Validator,118.90
2709,Validator,118.90
2710,Validator,118.90
2711,Validator,118.90
2712,Validator,118.90
2713,Validator,118.90
2714,Validator,118.90
2715,Validator,118.90
2716,Validator,118.90
2717,Validator,119.00
2718,Validator,119.00
2719,Validator,121.00
2720,Validator,121.00
2721,Validator,121.00
2722,Validator,121.00
2723,Validator,121.00
2724,Validator,121.00
2725,Validator,121.00
2726,Validator,121.00
2727,Validator,121.00
2728,Validator,121.00
2729,Validator,121.00
2730,Validator,121.00
2731,Validator,121.00
2732,Validator,121.00
2733,Validator,121.00
2734,Validator,121.00
2735,Validator,121.00
2736,Validator,121.00
2737,Validator,121.00
2738,Validator,121.00
2739,Validator,121.00
2740,Validator,121.00
2741,Validator,121.00
2742,Validator,121.00
2743,Validator,121.00
2744,Validator,121.00
2745,Validator,121.00
2746,Validator,121.00
2747,Validator,121.00
2748,Validator,121.00
2749,Validator,121.00
2750,Validator,121.00
2751,Validator,121.00
2752,Validator,121.00
2753,Validator,121.00
2754,Validator,121.00
2755,Validator,121.00
2756,Validator,121.00
2757,Validator,121.00
2758,Validator,121.10
2759,Validator,121.10
2760,Validator,121.10
2761,Validator,121.10
2762,Validator,121.10
2763,Validator,121.10
2764,Validator,121.10
2765,Validator,121.10
2766,Validator,121.10
2767,Validator,121.10
2768,Validator,121.10
2769,Validator,121.10
2770,Validator,121.10
2771,Validator,121.10
2772,Validator,121.10
2773,Validator,121.10
2774,Validator,121.10
2775,Validator,121.10
2776,Validator,121.10
2777,Validator,121.10
2778,Validator,121.10
2779,Validator,121.10
2780,Validator,121.10
2781,Validator,121.10
2782,Validator,121.10
2783,Validator,121.10
2784,Validator,121.10
2785,Validator,121.10
2786,Validator,121.10
2787,Validator,121.10
2788,Validator,121.10
2789,Validator,121.10
2790,Validator,121.10
2791,Validator,121.20
2792,Validator,121.10
2793,Validator,121.10
2794,Validator,121.10
2795,Validator,121.10
2796,Validator,121.10
2797,Validator,121.10
2798,Validator,121.10
2799,Validator,121.10
2800,Validator,121.10
2801,Validator,121.10
2802,Validator,121.10
2803,Validator,121.10
2804,Validator,121.10
2805,Validator,121.10
2806,Validator,121.10
2807,Validator,121.10
2808,Validator,121.10
2809,Validator,121.10
2810,Validator,121.10
2811,Validator,121.10
2812,Validator,121.10
2813,Validator,121.10
2814,Validator,121.10
2815,Validator,121.10
2816,Validator,121.10
2817,Validator,121.10
2818,Validator,121.30
2819,Validator,121.10
2820,Validator,121.20
2821,Validator,121.10
2822,Validator,121.10
2823,Validator,121.10
2824,Validator,121.20
2825,Validator,121.20
2826,Validator,121.20
2827,Validator,121.20
2828,Validator,121.20
2829,Validator,121.20
2830,Validator,121.20
2831,Validator,121.20
2832,Validator,121.20
2833,Validator,121.20
2834,Validator,121.20
2835,Validator,121.20
2836,Validator,121.20
2837,Validator,121.20
2838,Validator,121.20
2839,Validator,121.20
2840,Validator,121.20
2841,Validator,121.20
2842,Validator,121.20
2843,Validator,121.20
2844,Validator,121.20
2845,Validator,121.20
2846,Validator,121.20
2847,Validator,121.20
2848,Validator,121.20
2849,Validator,121.20
2850,Validator,121.20
2851,Validator,121.20
2852,Validator,121.20
2853,Validator,121.20
2854,Validator,121.20
2855,Validator,121.20
2856,Validator,121.20
2857,Validator,121.20
2858,Validator,121.20
2859,Validator,121.20
2860,Validator,121.20
2861,Validator,121.20
2862,Validator,121.20
2863,Validator,121.20
2864,Validator,121.20
2865,Validator,121.20
2866,Validator,121.20
2867,Validator,121.20
2868,Validator,121.20
2869,Validator,121.20
2870,Validator,121.20
2871,Validator,121.20
2872,Validator,121.20
2873,Validator,121.20
2874,Validator,121.20
2875,Validator,121.20
2876,Validator,121.30
2877,Validator,121.30
2878,Validator,121.30
2879,Validator,121.30
2880,Validator,121.30
2881,Validator,121.30
2882,Validator,121.30
2883,Validator,121.30
2884,Validator,121.30
2885,Validator,121.30
2886,Validator,121.30
2887,Validator,121.30
2888,Validator,121.30
2889,Validator,121.40
2890,Validator,121.40
2891,Validator,121.40
2892,Validator,121.40
2893,Validator,121.40
2894,Validator,121.40
2895,Validator,121.40
2896,Validator,121.40
2897,Validator,121.40
2898,Validator,121.40
2899,Validator,121.40
2900,Validator,121.40
2901,Validator,121.40
2902,Validator,121.40
2903,Validator,121.50
2904,Validator,121.50
2905,Validator,121.50
2906,Validator,121.50
2907,Validator,121.50
2908,Validator,121.50
2909,Validator,121.50
2910,Validator,121.50
2911,Validator,121.50
2912,Validator,121.50
2913,Validator,121.70
2914,Validator,121.60
2915,Validator,121.60
2916,Validator,121.60
2917,Validator,121.60
2918,Validator,121.70
2919,Validator,121.70
2920,Validator,121.80
2921,Validator,121.70
2922,Validator,121.70
2923,Validator,121.70
2924,Validator,121.70
2925,Validator,121.70
2926,Validator,121.70
2927,Validator,121.70
2928,Validator,121.70
2929,Validator,121.80
2930,Validator,121.80
2931,Validator,121.80
2932,Validator,121.80
2933,Validator,121.80
2934,Validator,121.80
2935,Validator,121.80
2936,Validator,121.80
2937,Validator,121.80
2938,Validator,121.80
2939,Validator,121.80
2940,Validator,121.80
2941,Validator,121.90
2942,Validator,121.90
2943,Validator,121.90
2944,Validator,121.90
2945,Validator,121.90
2946,Validator,121.90
2947,Validator,121.90
2948,Validator,122.40
2949,Validator,122.40
2950,Validator,123.00
2951,Validator,123.10
2952,Validator,123.10
2953,Validator,123.10
2954,Validator,123.20
2955,Validator,123.20
2956,Validator,123.30
2957,Validator,123.30
2958,Validator,123.30
2959,Validator,123.30
2960,Validator,123.30
2961,Validator,123.30
2962,Validator,123.30
2963,Validator,123.30
2964,Validator,123.30
2965,Validator,123.30
2966,Validator,123.30
2967,Validator,123.30
2968,Validator,123.40
2969,Validator,123.40
2970,Validator,123.40
2971,Validator,123.50
2972,Validator,123.40
2973,Validator,123.40
2974,Validator,123.40
2975,Validator,123.40
2976,Validator,123.40
2977,Validator,123.40
2978,Validator,123.40
2979,Validator,123.50
2980,Validator,123.50
2981,Validator,123.50
2982,Validator,123.50
2983,Validator,123.50
2984,Validator,123.50
2985,Validator,123.50
2986,Validator,123.50
2987,Validator,123.60
2988,Validator,123.60
2989,Validator,123.60
2990,Validator,123.60
2991,Validator,123.60
2992,Validator,123.60
2993,Validator,123.70
2994,Validator,123.70
2995,Validator,123.70
2996,Validator,120.10
2997,Validator,120.10
2998,Validator,120.10
2999,Validator,120.10
3000,Validator,120.20
3001,Validator,120.20
3002,Validator,120.20
3003,Validator,120.20
3004,Validator,120.20
3005,Validator,120.20
3006,Validator,120.20
3007,Validator,120.20
3008,Validator,120.30
3009,Validator,120.30
3010,Validator,122.30
3011,Validator,122.30
3012,Validator,122.30
3013,Validator,122.30
3014,Validator,122.50
3015,Validator,122.50
3016,Validator,122.50
3017,Validator,122.50
3018,Validator,122.50
3019,Validator,122.50
3020,Validator,122.50
3021,Validator,122.60
3022,Validator,122.60
3023,Validator,122.60
3024,Validator,122.60
3025,Validator,122.60
3026,Validator,122.60
3027,Validator,122.60
3028,Validator,122.60
3029,Validator,122.60
3030,Validator,122.60
3031,Validator,122.70
3032,Validator,122.70
3033,Validator,122.70
3034,Validator,122.70
3035,Validator,122.70
3036,Validator,122.70
3037,Validator,122.70
3038,Validator,122.70
3039,Validator,122.70
3040,Validator,122.80
3041,Validator,122.80
3042,Validator,122.80
3043,Validator,122.80
3044,Validator,122.80
3045,Validator,122.80
3046,Validator,122.80
3047,Validator,122.80
3048,Validator,122.80
3049,Validator,122.80
3050,Validator,122.90
3051,Validator,122.90
3052,Validator,122.90
3053,Validator,122.90
3054,Validator,122.90
3055,Validator,122.90
3056,Validator,122.90
3057,Validator,122.90
3058,Validator,123.00
3059,Validator,123.00
3060,Validator,123.00
3061,Validator,123.00
3062,Validator,123.00
3063,Validator,123.00
3064,Validator,123.00
3065,Validator,123.00
3066,Validator,123.00
3067,Validator,123.10
3068,Validator,123.10
3069,Validator,123.10
3070,Validator,123.10
3071,Validator,123.10
3072,Validator,123.10
3073,Validator,123.10
3074,Validator,123.10
3075,Validator,123.20
3076,Validator,123.20
3077,Validator,123.20
3078,Validator,123.20
3079,Validator,123.20
3080,Validator,123.20
3081,Validator,123.40
3082,Validator,123.20
3083,Validator,123.20
3084,Validator,123.30
3085,Validator,123.30
3086,Validator,123.30
3087,Validator,123.30
3088,Validator,123.30
3089,Validator,123.30
3090,Validator,123.30
3091,Validator,123.30
3092,Validator,123.30
3093,Validator,123.30
3094,Validator,123.40
3095,Validator,123.40
3096,Validator,123.40
3097,Validator,123.40
3098,Validator,123.40
3099,Validator,123.40
3100,Validator,123.40
3101,Validator,123.40
3102,Validator,123.50
3103,Validator,123.50
3104,Validator,123.50
3105,Validator,123.50
3106,Validator,123.50
3107,Validator,123.50
3108,Validator,123.50
3109,Validator,123.50
3110,Validator,123.50
3111,Validator,123.60
3112,Validator,123.60
3113,Validator,123.60
3114,Validator,123.60
3115,Validator,123.60
3116,Validator,123.60
3117,Validator,123.60
3118,Validator,123.60
3119,Validator,123.60
3120,Validator,123.60
3121,Validator,123.70
3122,Validator,123.70
3123,Validator,123.70
3124,Validator,123.70
3125,Validator,123.70
3126,Validator,123.80
3127,Validator,123.80
3128,Validator,123.80
3129,Validator,123.80
3130,Validator,123.80
3131,Validator,123.80
3132,Validator,123.80
3133,Validator,123.80
3134,Validator,123.80
3135,Validator,123.80
3136,Validator,123.90
3137,Validator,123.90
3138,Validator,123.90
3139,Validator,123.90
3140,Validator,123.90
3141,Validator,123.90
3142,Validator,123.90
3143,Validator,123.90
3144,Validator,123.90
3145,Validator,123.90
3146,Validator,124.00
3147,Validator,124.00
3148,Validator,124.00
3149,Validator,124.00
3150,Validator,124.00
3151,Validator,124.00
3152,Validator,124.00
3153,Validator,124.10
3154,Validator,124.10
3155,Validator,126.00
3156,Validator,126.00
3157,Validator,126.00
3158,Validator,126.00
3159,Validator,126.00
3160,Validator,126.00
3161,Validator,126.10
3162,Validator,126.10
3163,Validator,126.10
3164,Validator,126.10
3165,Validator,126.10
3166,Validator,126.10
3167,Validator,126.10
3168,Validator,126.10
3169,Validator,126.10
3170,Validator,126.10
3171,Validator,126.10
3172,Validator,126.20
3173,Validator,126.20
3174,Validator,126.20
3175,Validator,126.20
3176,Validator,126.20
3177,Validator,126.20
3178,Validator,126.20
3179,Validator,126.20
3180,Validator,126.20
3181,Validator,126.20
3182,Validator,126.20
3183,Validator,126.20
3184,Validator,126.30
3185,Validator,126.30
3186,Validator,126.30
3187,Validator,126.30
3188,Validator,126.30
3189,Validator,126.30
3190,Validator,126.30
3191,Validator,126.30
3192,Validator,126.30
3193,Validator,126.30
3194,Validator,126.30
3195,Validator,126.40
3196,Validator,126.40
3197,Validator,126.40
3198,Validator,126.40
3199,Validator,126.30
3200,Validator,126.30
3201,Validator,126.40
3202,Validator,126.40
3203,Validator,126.40
3204,Validator,126.40
3205,Validator,126.40
3206,Validator,126.40
3207,Validator,126.40
3208,Validator,126.40
3209,Validator,126.40
3210,Validator,126.40
3211,Validator,126.40
3212,Validator,126.40
3213,Validator,126.40
3214,Validator,126.40
3215,Validator,126.40
3216,Validator,126.40
3217,Validator,126.40
3218,Validator,126.40
3219,Validator,126.40
3220,Validator,126.40
3221,Validator,126.40
3222,Validator,126.40
3223,Validator,126.40
3224,Validator,126.40
3225,Validator,126.40
3226,Validator,126.40
3227,Validator,126.40
3228,Validator,126.40
3229,Validator,126.40
3230,Validator,126.40
3231,Validator,126.40
3232,Validator,126.40
3233,Validator,126.40
3234,Validator,126.40
3235,Validator,126.40
3236,Validator,126.40
3237,Validator,126.40
3238,Validator,126.40
3239,Validator,126.40
3240,Validator,126.40
3241,Validator,126.40
3242,Validator,126.40
3243,Validator,126.40
3244,Validator,126.40
3245,Validator,126.40
3246,Validator,126.40
3247,Validator,126.40
3248,Validator,126.40
3249,Validator,126.40
3250,Validator,126.40
3251,Validator,126.40
3252,Validator,126.40
3253,Validator,126.40
3254,Validator,126.40
3255,Validator,126.40
3256,Validator,126.40
3257,Validator,126.50
3258,Validator,126.50
3259,Validator,126.50
3260,Validator,126.50
3261,Validator,126.50
3262,Validator,126.50
3263,Validator,126.50
3264,Validator,126.50
3265,Validator,126.50
3266,Validator,126.50
3267,Validator,126.50
3268,Validator,126.50
3269,Validator,126.50
3270,Validator,126.50
3271,Validator,126.50
3272,Validator,126.50
3273,Validator,126.50
3274,Validator,126.50
3275,Validator,126.50
3276,Validator,126.50
3277,Validator,126.50
3278,Validator,126.50
3279,Validator,126.50
3280,Validator,126.50
3281,Validator,126.50
3282,Validator,126.50
3283,Validator,126.50
3284,Validator,126.50
3285,Validator,126.50
3286,Validator,126.50
3287,Validator,126.50
3288,Validator,126.50
3289,Validator,126.50
3290,Validator,126.50
3291,Validator,126.50
3292,Validator,126.50
3293,Validator,126.50
3294,Validator,126.50
3295,Validator,126.50
3296,Validator,126.50
3297,Validator,126.50
3298,Validator,126.50
3299,Validator,126.50
3300,Validator,126.50
3301,Validator,126.50
3302,Validator,126.50
3303,Validator,126.50
3304,Validator,126.50
3305,Validator,126.50
3306,Validator,126.50
3307,Validator,126.50
3308,Validator,126.50
3309,Validator,126.50
3310,Validator,126.50
3311,Validator,126.50
3312,Validator,126.50
3313,Validator,126.50
3314,Validator,126.60
3315,Validator,126.60
3316,Validator,126.60
3317,Validator,126.60
3318,Validator,126.60
3319,Validator,126.60
3320,Validator,126.60
3321,Validator,126.60
3322,Validator,126.60
3323,Validator,126.60
3324,Validator,126.60
3325,Validator,126.60
3326,Validator,126.60
3327,Validator,126.60
3328,Validator,126.60
3329,Validator,126.60
3330,Validator,126.60
3331,Validator,126.60
3332,Validator,126.60
3333,Validator,126.60
3334,Validator,126.60
3335,Validator,126.60
3336,Validator,126.60
3337,Validator,126.60
3338,Validator,126.60
3339,Validator,126.60
3340,Validator,126.60
3341,Validator,126.60
3342,Validator,126.60
3343,Validator,126.60
3344,Validator,126.60
3345,Validator,126.60
3346,Validator,126.60
3347,Validator,126.60
3348,Validator,126.60
3349,Validator,126.60
3350,Validator,126.60
3351,Validator,126.60
3352,Validator,126.60
3353,Validator,126.60
3354,Validator,126.60
3355,Validator,126.60
3356,Validator,126.60
3357,Validator,126.60
3358,Validator,126.60
3359,Validator,126.90
3360,Validator,126.90
3361,Validator,126.90
3362,Validator,127.00
3363,Validator,126.90
3364,Validator,126.90
3365,Validator,126.90
3366,Validator,126.90
3367,Validator,126.90
3368,Validator,126.90
3369,Validator,126.90
3370,Validator,126.90
3371,Validator,126.90
3372,Validator,126.90
3373,Validator,127.20
3374,Validator,127.20
3375,Validator,127.20
3376,Validator,127.20
3377,Validator,127.20
3378,Validator,127.20
3379,Validator,127.20
3380,Validator,127.20
3381,Validator,127.20
3382,Validator,127.20
3383,Validator,127.20
3384,Validator,127.20
3385,Validator,127.20
3386,Validator,127.20
3387,Validator,128.00
3388,Validator,128.00
3389,Validator,128.00
3390,Validator,128.00
3391,Validator,128.00
3392,Validator,128.00
3393,Validator,128.00
3394,Validator,128.00
3395,Validator,128.00
3396,Validator,128.00
3397,Validator,128.00
3398,Validator,128.00
3399,Validator,128.00
3400,Validator,128.00
3401,Validator,128.00
3402,Validator,128.00
3403,Validator,128.00
3404,Validator,128.00
3405,Validator,128.00
3406,Validator,128.00
3407,Validator,128.00
3408,Validator,128.00
3409,Validator,128.00
3410,Validator,128.00
3411,Validator,128.00
3412,Validator,128.00
3413,Validator,128.00
3414,Validator,128.00
3415,Validator,128.00
3416,Validator,128.00
3417,Validator,128.30
3418,Validator,128.30
3419,Validator,128.30
3420,Validator,128.30
3421,Validator,128.30
3422,Validator,128.30
3423,Validator,128.30
3424,Validator,128.30
3425,Validator,128.30
3426,Validator,128.30
3427,Validator,128.30
3428,Validator,128.30
3429,Validator,128.30
3430,Validator,128.30
3431,Validator,128.30
3432,Validator,128.30
3433,Validator,128.30
3434,Validator,128.30
3435,Validator,128.30
3436,Validator,128.30
3437,Validator,128.30
3438,Validator,128.30
3439,Validator,128.30
3440,Validator,128.30
3441,Validator,128.30
3442,Validator,128.40
3443,Validator,128.40
3444,Validator,128.40
3445,Validator,128.40
3446,Validator,128.40
3447,Validator,128.40
3448,Validator,128.40
3449,Validator,128.40
3450,Validator,128.40
3451,Validator,128.40
3452,Validator,128.40
3453,Validator,128.40
3454,Validator,128.40
3455,Validator,128.40
3456,Validator,128.40
3457,Validator,128.40
3458,Validator,128.40
3459,Validator,128.40
3460,Validator,128.40
3461,Validator,128.40
3462,Validator,128.40
3463,Validator,128.40
3464,Validator,128.40
3465,Validator,128.40
3466,Validator,128.40
3467,Validator,128.40
3468,Validator,128.40
3469,Validator,128.40
3470,Validator,128.40
3471,Validator,128.40
3472,Validator,128.40
3473,Validator,128.40
3474,Validator,128.40
3475,Validator,128.40
3476,Validator,128.40
3477,Validator,128.40
3478,Validator,128.40
3479,Validator,128.40
3480,Validator,128.40
3481,Validator,128.40
3482,Validator,128.40
3483,Validator,128.40
3484,Validator,128.40
3485,Validator,128.40
3486,Validator,128.40
3487,Validator,128.40
3488,Validator,128.40
3489,Validator,128.40
3490,Validator,128.40
3491,Validator,128.40
3492,Validator,128.40
3493,Validator,128.40
3494,Validator,128.40
3495,Validator,128.40
3496,Validator,128.40
3497,Validator,128.40
3498,Validator,128.40
3499,Validator,128.40
3500,Validator,128.50
3501,Validator,128.50
3502,Validator,128.50
3503,Validator,128.50
3504,Validator,128.50
3505,Validator,128.50
3506,Validator,128.50
3507,Validator,128.50
3508,Validator,128.50
3509,Validator,128.60
3510,Validator,128.60
3511,Validator,128.60
3512,Validator,128.60
3513,Validator,128.60
3514,Validator,128.60
3515,Validator,128.60
3516,Validator,128.60
3517,Validator,128.60
3518,Validator,128.60
3519,Validator,128.60
3520,Validator,128.60
3521,Validator,128.60
3522,Validator,128.60
3523,Validator,128.60
3524,Validator,128.60
3525,Validator,128.60
3526,Validator,128.60
3527,Validator,128.60
3528,Validator,128.60
3529,Validator,128.60
3530,Validator,128.80
3531,Validator,128.70
3532,Validator,128.70
3533,Validator,128.70
3534,Validator,128.70
3535,Validator,128.70
3536,Validator,128.70
3537,Validator,128.70
3538,Validator,128.70
3539,Validator,128.70
3540,Validator,128.70
3541,Validator,128.70
3542,Validator,128.70
3543,Validator,128.70
3544,Validator,128.70
3545,Validator,128.70
3546,Validator,128.80
3547,Validator,128.80
3548,Validator,128.80
3549,Validator,128.80
3550,Validator,128.80
3551,Validator,128.80
3552,Validator,128.80
3553,Validator,128.80
3554,Validator,128.80
3555,Validator,128.80
3556,Validator,128.80
3557,Validator,128.90
3558,Validator,128.80
3559,Validator,128.80
3560,Validator,128.80
3561,Validator,128.80
3562,Validator,128.80
3563,Validator,128.80
3564,Validator,128.80
3565,Validator,128.90
3566,Validator,128.90
3567,Validator,128.90
3568,Validator,128.90
3569,Validator,128.90
3570,Validator,128.90
3571,Validator,128.90
3572,Validator,128.90
3573,Validator,128.90
3574,Validator,128.90
3575,Validator,128.90
3576,Validator,128.90
3577,Validator,128.90
3578,Validator,128.90
3579,Validator,129.00
3580,Validator,129.20
3581,Validator,129.10
3582,Validator,129.20
3583,Validator,129.20
3584,Validator,129.40
3585,Validator,129.40
3586,Validator,129.50
3587,Validator,129.50
3588,Validator,129.60
3589,Validator,129.60
3590,Validator,129.70
3591,Validator,129.70
3592,Validator,129.80
3593,Validator,129.80
3594,Validator,129.80
3595,Validator,129.80
3596,Validator,129.90
3597,Validator,129.90
3598,Validator,130.00
3599,Validator,130.00
3600,Validator,130.00
3601,Validator,130.00
3602,Validator,130.10
3603,Validator,130.10
3604,Validator,130.10
3605,Validator,130.20
3606,Validator,130.20
3607,Validator,130.20
3608,Validator,130.20
3609,Validator,130.30
3610,Validator,130.30
3611,Validator,130.30
3612,Validator,130.30
3613,Validator,130.40
3614,Validator,130.40
3615,Validator,130.40
3616,Validator,130.40
3617,Validator,130.50
3618,Validator,130.50
3619,Validator,130.50
3620,Validator,130.50
3621,Validator,130.60
3622,Validator,130.60
3623,Validator,130.60
3624,Validator,130.60
3625,Validator,130.60
3626,Validator,130.60
3627,Validator,130.60
3628,Validator,130.60
3629,Validator,130.70
3630,Validator,130.70
3631,Validator,130.70
3632,Validator,130.70
3633,Validator,130.70
3634,Validator,130.80
3635,Validator,130.80
3636,Validator,130.80
3637,Validator,130.80
3638,Validator,130.80
3639,Validator,130.80
3640,Validator,130.80
3641,Validator,130.80
3642,Validator,130.80
3643,Validator,130.80
3644,Validator,130.90
3645,Validator,130.90
3646,Validator,130.90
3647,Validator,130.90
3648,Validator,130.90
3649,Validator,130.90
3650,Validator,130.90
3651,Validator,130.90
3652,Validator,130.90
3653,Validator,130.90
3654,Validator,131.00
3655,Validator,132.20
3656,Validator,132.20
3657,Validator,132.20
3658,Validator,132.20
3659,Validator,132.20
3660,Validator,132.20
3661,Validator,132.20
3662,Validator,132.20
3663,Validator,132.30
3664,Validator,132.30
3665,Validator,132.30
3666,Validator,132.30
3667,Validator,132.30
3668,Validator,132.30
3669,Validator,132.30
3670,Validator,132.30
3671,Validator,132.30
3672,Validator,132.30
3673,Validator,132.30
3674,Validator,132.30
3675,Validator,132.30
3676,Validator,132.30
3677,Validator,132.70
3678,Validator,132.70
3679,Validator,132.80
3680,Validator,132.90
3681,Validator,132.90
3682,Validator,132.90
3683,Validator,132.90
3684,Validator,132.90
3685,Validator,132.90
3686,Validator,132.90
3687,Validator,132.90
3688,Validator,132.90
3689,Validator,132.90
3690,Validator,132.90
3691,Validator,132.90
3692,Validator,133.00
3693,Validator,133.00
3694,Validator,133.00
3695,Validator,133.00
3696,Validator,133.00
3697,Validator,133.00
3698,Validator,133.00
3699,Validator,133.00
3700,Validator,133.00
3701,Validator,133.00
3702,Validator,133.00
3703,Validator,133.10
3704,Validator,133.00
3705,Validator,133.00
3706,Validator,133.00
3707,Validator,133.10
3708,Validator,133.10
3709,Validator,133.10
3710,Validator,133.10
3711,Validator,133.10
3712,Validator,133.10
3713,Validator,133.10
3714,Validator,133.10
3715,Validator,133.10
3716,Validator,133.10
3717,Validator,133.10
3718,Validator,133.10
3719,Validator,133.10
3720,Validator,133.10
3721,Validator,133.10
3722,Validator,133.10
3723,Validator,133.20
3724,Validator,133.20
3725,Validator,133.20
3726,Validator,133.20
3727,Validator,133.20
3728,Validator,136.80
3729,Validator,136.80
3730,Validator,136.80
3731,Validator,136.80
3732,Validator,136.80
3733,Validator,136.80
3734,Validator,136.90
3735,Validator,136.90
3736,Validator,136.90
3737,Validator,136.90
3738,Validator,136.90
3739,Validator,136.90
3740,Validator,136.90
3741,Validator,136.90
3742,Validator,136.90
3743,Validator,136.90
3744,Validator,136.90
3745,Validator,136.90
3746,Validator,136.90
3747,Validator,136.90
3748,Validator,136.90
3749,Validator,136.90
3750,Validator,136.90
3751,Validator,136.90
3752,Validator,136.90
3753,Validator,136.90
3754,Validator,136.90
3755,Validator,137.00
3756,Validator,137.00
3757,Validator,137.00
3758,Validator,137.00
3759,Validator,137.00
3760,Validator,137.00
3761,Validator,137.00
3762,Validator,137.00
3763,Validator,137.00
3764,Validator,137.00
3765,Validator,137.00
3766,Validator,137.00
3767,Validator,137.00
3768,Validator,137.00
3769,Validator,137.00
3770,Validator,137.00
3771,Validator,137.00
3772,Validator,137.20
3773,Validator,137.00
3774,Validator,137.20
3775,Validator,137.10
3776,Validator,137.10
3777,Validator,137.10
3778,Validator,137.10
3779,Validator,137.10
3780,Validator,137.10
3781,Validator,137.10
3782,Validator,137.10
3783,Validator,137.10
3784,Validator,137.10
3785,Validator,137.10
3786,Validator,137.10
3787,Validator,137.10
3788,Validator,137.10
3789,Validator,137.10
3790,Validator,137.10
3791,Validator,137.10
3792,Validator,137.20
3793,Validator,137.10
3794,Validator,137.20
3795,Validator,137.20
3796,Validator,137.20
3797,Validator,137.20
3798,Validator,137.20
3799,Validator,137.20
3800,Validator,137.20
3801,Validator,137.20
3802,Validator,137.20
3803,Validator,137.20
3804,Validator,137.20
3805,Validator,137.20
3806,Validator,137.20
3807,Validator,137.20
3808,Validator,137.20
3809,Validator,137.30
3810,Validator,137.30
3811,Validator,137.30
3812,Validator,137.30
3813,Validator,137.30
3814,Validator,137.30
3815,Validator,137.30
3816,Validator,137.30
3817,Validator,137.30
3818,Validator,137.30
3819,Validator,137.30
3820,Validator,137.30
3821,Validator,137.30
3822,Validator,137.30
3823,Validator,137.30
3824,Validator,137.40
3825,Validator,137.40
3826,Validator,137.40
3827,Validator,137.50
3828,Validator,137.40
3829,Validator,137.40
3830,Validator,137.40
3831,Validator,137.40
3832,Validator,137.40
3833,Validator,137.40
3834,Validator,137.40
3835,Validator,137.60
3836,Validator,137.40
3837,Validator,137.40
3838,Validator,137.40
3839,Validator,137.50
3840,Validator,137.50
3841,Validator,137.50
3842,Validator,137.50
3843,Validator,137.50
3844,Validator,137.50
3845,Validator,137.50
3846,Validator,137.50
3847,Validator,137.50
3848,Validator,137.50
3849,Validator,137.50
3850,Validator,137.50
3851,Validator,137.50
3852,Validator,137.50
3853,Validator,137.50
3854,Validator,137.50
3855,Validator,137.50
3856,Validator,137.50
3857,Validator,137.60
3858,Validator,137.70
3859,Validator,137.70
3860,Validator,137.70
3861,Validator,137.70
3862,Validator,137.70
3863,Validator,137.70
3864,Validator,137.70
3865,Validator,137.70
3866,Validator,137.70
3867,Validator,137.70
3868,Validator,137.70
3869,Validator,137.70
3870,Validator,137.70
3871,Validator,137.70
3872,Validator,137.80
3873,Validator,137.80
3874,Validator,137.80
3875,Validator,137.80
3876,Validator,137.80
3877,Validator,137.80
3878,Validator,137.80
3879,Validator,137.80
3880,Validator,137.80
3881,Validator,137.80
3882,Validator,137.80
3883,Validator,137.80
3884,Validator,137.80
3885,Validator,137.80
3886,Validator,137.80
3887,Validator,137.90
3888,Validator,137.90
3889,Validator,137.90
3890,Validator,137.90
3891,Validator,137.90
3892,Validator,137.90
3893,Validator,137.90
3894,Validator,137.90
3895,Validator,138.00
3896,Validator,137.90
3897,Validator,137.90
3898,Validator,137.90
3899,Validator,138.00
3900,Validator,138.00
3901,Validator,138.00
3902,Validator,138.00
3903,Validator,138.00
3904,Validator,138.00
3905,Validator,138.00
3906,Validator,138.10
3907,Validator,138.10
3908,Validator,138.10
3909,Validator,138.10
3910,Validator,138.10
3911,Validator,138.10
3912,Validator,138.10
3913,Validator,138.10
3914,Validator,138.10
3915,Validator,138.10
3916,Validator,138.10
3917,Validator,138.10
3918,Validator,138.10
3919,Validator,138.10
3920,Validator,138.10
3921,Validator,138.10
3922,Validator,138.20
3923,Validator,138.20
3924,Validator,138.20
3925,Validator,138.20
3926,Validator,138.20
3927,Validator,138.20
3928,Validator,138.20
3929,Validator,138.30
3930,Validator,138.30
3931,Validator,138.30
3932,Validator,138.30
3933,Validator,138.30
3934,Validator,138.30
3935,Validator,138.30
3936,Validator,138.30
3937,Validator,138.30
3938,Validator,138.30
3939,Validator,138.30
3940,Validator,138.30
3941,Validator,138.30
3942,Validator,138.30
3943,Validator,138.30
3944,Validator,138.30
3945,Validator,138.40
3946,Validator,138.30
3947,Validator,138.40
3948,Validator,138.40
3949,Validator,138.40
3950,Validator,138.40
3951,Validator,136.80
3952,Validator,136.80
3953,Validator,136.80
3954,Validator,136.80
3955,Validator,136.80
3956,Validator,136.80
3957,Validator,136.80
3958,Validator,136.80
3959,Validator,136.80
3960,Validator,136.80
3961,Validator,136.80
3962,Validator,136.90
3963,Validator,136.90
3964,Validator,136.90
3965,Validator,136.90
3966,Validator,136.90
3967,Validator,136.90
3968,Validator,136.90
3969,Validator,136.90
3970,Validator,136.90
3971,Validator,136.90
3972,Validator,136.90
3973,Validator,136.90
3974,Validator,136.90
3975,Validator,136.90
3976,Validator,136.90
3977,Validator,136.90
3978,Validator,136.90
3979,Validator,137.00
3980,Validator,137.00
3981,Validator,137.00
3982,Validator,137.00
3983,Validator,137.00
3984,Validator,137.00
3985,Validator,137.00
3986,Validator,137.00
3987,Validator,137.00
3988,Validator,137.00
3989,Validator,137.00
3990,Validator,137.00
3991,Validator,137.00
3992,Validator,137.00
3993,Validator,137.10
3994,Validator,137.10
3995,Validator,137.10
3996,Validator,137.10
3997,Validator,137.10
3998,Validator,137.10
3999,Validator,137.10
4000,Validator,137.10
4001,Validator,137.10
4002,Validator,137.10
4003,Validator,137.10
4004,Validator,137.10
4005,Validator,137.10
4006,Validator,137.10
4007,Validator,137.10
4008,Validator,137.10
4009,Validator,137.10
4010,Validator,137.20
4011,Validator,137.20
4012,Validator,137.20
4013,Validator,137.20
4014,Validator,137.20
4015,Validator,137.20
4016,Validator,137.20
4017,Validator,137.20
4018,Validator,137.20
4019,Validator,137.20
4020,Validator,137.20
4021,Validator,137.20
4022,Validator,137.20
4023,Validator,137.20
4024,Validator,137.20
4025,Validator,137.30
4026,Validator,137.30
4027,Validator,137.30
4028,Validator,137.30
4029,Validator,137.30
4030,Validator,137.30
4031,Validator,137.30
4032,Validator,137.30
4033,Validator,137.30
4034,Validator,137.30
4035,Validator,137.30
4036,Validator,137.30
4037,Validator,137.30
4038,Validator,137.30
4039,Validator,137.30
4040,Validator,137.40
4041,Validator,137.40
4042,Validator,137.50
4043,Validator,137.50
4044,Validator,137.50
4045,Validator,137.50
4046,Validator,137.50
4047,Validator,137.50
4048,Validator,137.50
4049,Validator,137.50
4050,Validator,137.50
4051,Validator,137.50
4052,Validator,137.50
4053,Validator,137.50
4054,Validator,137.50
4055,Validator,137.50
4056,Validator,137.60
4057,Validator,137.60
4058,Validator,137.60
4059,Validator,137.60
4060,Validator,137.60
4061,Validator,137.60
4062,Validator,137.60
4063,Validator,137.60
4064,Validator,137.60
4065,Validator,137.60
4066,Validator,137.60
4067,Validator,137.60
4068,Validator,137.60
4069,Validator,137.60
4070,Validator,137.60
4071,Validator,137.60
4072,Validator,137.60
4073,Validator,137.70
4074,Validator,137.70
4075,Validator,137.70
4076,Validator,137.70
4077,Validator,137.70
4078,Validator,137.70
4079,Validator,137.70
4080,Validator,137.70
4081,Validator,137.70
4082,Validator,137.70
4083,Validator,137.70
4084,Validator,137.90
4085,Validator,137.70
4086,Validator,137.80
4087,Validator,137.80
4088,Validator,137.80
4089,Validator,137.80
4090,Validator,137.80
4091,Validator,137.80
4092,Validator,137.80
4093,Validator,137.80
4094,Validator,137.80
4095,Validator,137.80
4096,Validator,137.80
4097,Validator,137.80
4098,Validator,137.80
4099,Validator,137.80
4100,Validator,137.90
4101,Validator,137.90
4102,Validator,137.90
4103,Validator,137.90
4104,Validator,137.90
4105,Validator,137.90
4106,Validator,137.90
4107,Validator,137.90
4108,Validator,137.90
4109,Validator,137.90
4110,Validator,137.90
4111,Validator,137.90
4112,Validator,137.90
4113,Validator,138.00
4114,Validator,138.00
4115,Validator,138.00
4116,Validator,138.00
4117,Validator,138.00
4118,Validator,138.10
4119,Validator,138.00
4120,Validator,138.00
4121,Validator,138.00
4122,Validator,138.00
4123,Validator,138.00
4124,Validator,138.00
4125,Validator,138.00
4126,Validator,138.20
4127,Validator,138.00
4128,Validator,138.00
4129,Validator,138.10
4130,Validator,138.10
4131,Validator,138.10
4132,Validator,138.10
4133,Validator,138.10
4134,Validator,138.10
4135,Validator,138.10
4136,Validator,138.10
4137,Validator,138.10
4138,Validator,138.10
4139,Validator,138.10
4140,Validator,138.10
4141,Validator,138.10
4142,Validator,138.20
4143,Validator,138.20
4144,Validator,138.20
4145,Validator,138.20
4146,Validator,138.20
4147,Validator,138.20
4148,Validator,138.20
4149,Validator,138.20
4150,Validator,138.20
4151,Validator,138.20
4152,Validator,138.20
4153,Validator,138.20
4154,Validator,138.20
4155,Validator,138.20
4156,Validator,138.20
4157,Validator,138.20
4158,Validator,138.20
4159,Validator,138.30
4160,Validator,138.30
4161,Validator,138.30
4162,Validator,138.30
4163,Validator,138.30
4164,Validator,138.30
4165,Validator,138.30
4166,Validator,138.30
4167,Validator,138.30
4168,Validator,138.30
4169,Validator,138.30
4170,Validator,138.30
4171,Validator,138.30
4172,Validator,138.30
4173,Validator,138.30
4174,Validator,138.30
4175,Validator,138.30
4176,Validator,138.40
4177,Validator,138.40
4178,Validator,138.40
4179,Validator,138.40
4180,Validator,138.40
4181,Validator,138.40
4182,Validator,138.40
4183,Validator,138.40
4184,Validator,138.50
4185,Validator,138.50
4186,Validator,138.50
4187,Validator,138.50
4188,Validator,138.50
4189,Validator,138.50
4190,Validator,138.50
4191,Validator,138.50
4192,Validator,138.50
4193,Validator,138.50
4194,Validator,138.50
4195,Validator,138.50
4196,Validator,138.50
4197,Validator,138.60
4198,Validator,138.50
4199,Validator,138.60
4200,Validator,138.50
4201,Validator,138.60
4202,Validator,138.60
4203,Validator,138.60
4204,Validator,138.60
4205,Validator,138.60
4206,Validator,138.60
4207,Validator,138.60
4208,Validator,138.60
4209,Validator,138.60
4210,Validator,138.60
4211,Validator,138.60
4212,Validator,138.60
4213,Validator,138.60
4214,Validator,138.60
4215,Validator,138.70
4216,Validator,138.70
4217,Validator,138.70
4218,Validator,138.70
4219,Validator,138.70
4220,Validator,138.70
4221,Validator,138.70
4222,Validator,138.70
4223,Validator,138.70
4224,Validator,138.70
4225,Validator,138.70
4226,Validator,138.80
4227,Validator,138.80
4228,Validator,138.80
4229,Validator,138.80
4230,Validator,138.80
4231,Validator,138.80
4232,Validator,138.80
4233,Validator,138.80
4234,Validator,138.80
4235,Validator,138.80
4236,Validator,138.80
4237,Validator,138.80
4238,Validator,138.80
4239,Validator,138.80
4240,Validator,138.80
4241,Validator,138.80
4242,Validator,138.90
4243,Validator,138.90
4244,Validator,138.90
4245,Validator,138.90
4246,Validator,138.90
4247,Validator,138.90
4248,Validator,138.90
4249,Validator,138.90
4250,Validator,138.90
4251,Validator,138.90
4252,Validator,138.90
4253,Validator,138.90
4254,Validator,138.90
4255,Validator,138.90
4256,Validator,138.90
4257,Validator,139.00
4258,Validator,139.00
4259,Validator,138.40
4260,Validator,138.40
4261,Validator,138.40
4262,Validator,138.40
4263,Validator,138.40
4264,Validator,138.40
4265,Validator,140.50
4266,Validator,140.50
4267,Validator,140.50
4268,Validator,140.60
4269,Validator,140.60
4270,Validator,140.60
4271,Validator,140.60
4272,Validator,140.70
4273,Validator,140.70
4274,Validator,140.70
4275,Validator,140.70
