Time (in seconds),Validator,CPU Used
1,Validator,4.19
2,Validator,0.80
3,Validator,2.74
4,Validator,2.00
5,Validator,1.00
6,Validator,0.33
7,Validator,1.80
8,Validator,0.54
9,Validator,1.19
10,Validator,0.75
11,Validator,2.44
12,Validator,0.47
13,Validator,0.33
14,Validator,1.27
15,Validator,0.37
16,Validator,0.22
17,Validator,0.43
18,Validator,0.52
19,Validator,0.12
20,Validator,7.18
21,Validator,0.74
22,Validator,2.93
23,Validator,2.53
24,Validator,4.15
25,Validator,0.60
26,Validator,3.89
27,Validator,0.99
28,Validator,2.80
29,Validator,0.45
30,Validator,2.65
31,Validator,0.08
32,Validator,1.67
33,Validator,0.45
34,Validator,0.08
35,Validator,0.45
36,Validator,0.57
37,Validator,0.47
38,Validator,0.64
39,Validator,0.49
40,Validator,0.47
41,Validator,0.62
42,Validator,2.08
43,Validator,3.46
44,Validator,0.05
45,Validator,6.12
46,Validator,1.91
47,Validator,3.14
48,Validator,2.05
49,Validator,8.77
50,Validator,0.44
51,Validator,4.70
52,Validator,0.37
53,Validator,0.54
54,Validator,0.55
55,Validator,1.85
56,Validator,0.10
57,Validator,0.65
58,Validator,0.45
59,Validator,0.85
60,Validator,0.48
61,Validator,0.89
62,Validator,0.36
63,Validator,0.16
64,Validator,2.02
65,Validator,0.36
66,Validator,1.19
67,Validator,0.86
68,Validator,6.19
69,Validator,0.48
70,Validator,4.56
71,Validator,0.61
72,Validator,3.36
73,Validator,1.85
74,Validator,4.60
75,Validator,0.05
76,Validator,4.02
77,Validator,0.65
78,Validator,0.55
79,Validator,1.15
80,Validator,1.65
81,Validator,0.07
82,Validator,1.38
83,Validator,1.05
84,Validator,0.28
85,Validator,1.45
86,Validator,1.52
87,Validator,0.94
88,Validator,8.73
89,Validator,1.72
90,Validator,0.05
91,Validator,2.34
92,Validator,1.92
93,Validator,3.45
94,Validator,0.05
95,Validator,4.94
96,Validator,0.13
97,Validator,4.33
98,Validator,0.63
99,Validator,3.01
100,Validator,0.49
101,Validator,2.56
102,Validator,1.36
103,Validator,0.29
104,Validator,1.71
105,Validator,1.42
106,Validator,0.97
107,Validator,1.34
108,Validator,1.39
109,Validator,0.43
110,Validator,1.22
111,Validator,0.91
112,Validator,0.22
113,Validator,1.00
114,Validator,3.73
115,Validator,0.03
116,Validator,3.32
117,Validator,1.32
118,Validator,3.30
119,Validator,0.77
120,Validator,5.46
121,Validator,0.14
122,Validator,3.00
123,Validator,3.04
124,Validator,0.07
125,Validator,1.34
126,Validator,0.92
127,Validator,0.94
128,Validator,0.28
129,Validator,2.45
130,Validator,0.44
131,Validator,0.72
132,Validator,1.61
133,Validator,1.73
134,Validator,0.06
135,Validator,1.65
136,Validator,0.72
137,Validator,3.74
138,Validator,1.24
139,Validator,4.85
140,Validator,0.09
141,Validator,4.30
142,Validator,1.43
143,Validator,3.28
144,Validator,1.85
145,Validator,1.41
146,Validator,0.89
147,Validator,0.64
148,Validator,1.14
149,Validator,0.26
150,Validator,0.89
151,Validator,1.87
152,Validator,0.73
153,Validator,0.74
154,Validator,1.17
155,Validator,0.43
156,Validator,0.06
157,Validator,1.87
158,Validator,5.42
159,Validator,0.77
160,Validator,5.12
161,Validator,0.79
162,Validator,5.08
163,Validator,1.29
164,Validator,3.09
165,Validator,0.32
166,Validator,1.79
167,Validator,0.94
168,Validator,0.09
169,Validator,1.79
170,Validator,1.10
171,Validator,0.84
172,Validator,1.84
173,Validator,2.78
174,Validator,0.47
175,Validator,1.69
176,Validator,1.29
177,Validator,0.38
178,Validator,0.49
179,Validator,6.27
180,Validator,0.52
181,Validator,1.61
182,Validator,4.23
183,Validator,3.48
184,Validator,0.20
185,Validator,2.22
186,Validator,0.44
187,Validator,4.83
188,Validator,1.55
189,Validator,5.58
190,Validator,1.08
191,Validator,1.60
192,Validator,2.63
193,Validator,0.15
194,Validator,1.16
195,Validator,0.47
196,Validator,0.65
197,Validator,1.73
198,Validator,1.01
199,Validator,0.73
200,Validator,2.53
201,Validator,2.30
202,Validator,0.35
203,Validator,1.01
204,Validator,5.92
205,Validator,0.12
206,Validator,5.67
207,Validator,0.91
208,Validator,4.51
209,Validator,0.94
210,Validator,4.73
211,Validator,0.02
212,Validator,0.93
213,Validator,1.35
214,Validator,0.20
215,Validator,0.56
216,Validator,3.13
217,Validator,0.81
218,Validator,0.26
219,Validator,1.15
220,Validator,0.33
221,Validator,0.79
222,Validator,1.05
223,Validator,1.01
224,Validator,0.36
225,Validator,3.04
226,Validator,0.30
227,Validator,3.76
228,Validator,0.68
229,Validator,3.90
230,Validator,0.56
231,Validator,0.62
232,Validator,0.11
233,Validator,2.15
234,Validator,0.84
235,Validator,0.15
236,Validator,0.33
237,Validator,1.63
238,Validator,0.28
239,Validator,1.38
240,Validator,1.18
241,Validator,0.26
242,Validator,4.39
243,Validator,2.60
244,Validator,3.28
245,Validator,0.47
246,Validator,6.61
247,Validator,0.27
248,Validator,1.98
249,Validator,0.80
250,Validator,2.75
251,Validator,0.30
252,Validator,1.99
253,Validator,0.15
254,Validator,0.20
255,Validator,1.37
256,Validator,1.49
257,Validator,0.06
258,Validator,2.54
259,Validator,0.91
260,Validator,0.34
261,Validator,1.52
262,Validator,1.16
263,Validator,0.37
264,Validator,0.99
265,Validator,2.55
266,Validator,0.09
267,Validator,3.72
268,Validator,2.06
269,Validator,2.66
270,Validator,0.46
271,Validator,6.55
272,Validator,0.13
273,Validator,2.72
274,Validator,1.79
275,Validator,0.14
276,Validator,0.33
277,Validator,1.08
278,Validator,0.66
279,Validator,0.40
280,Validator,1.23
281,Validator,1.00
282,Validator,0.23
283,Validator,3.03
284,Validator,0.80
285,Validator,0.19
286,Validator,0.92
287,Validator,0.90
288,Validator,3.90
289,Validator,1.89
290,Validator,3.45
291,Validator,0.34
292,Validator,4.69
293,Validator,1.96
294,Validator,3.23
295,Validator,2.17
296,Validator,1.48
297,Validator,1.02
298,Validator,2.18
299,Validator,0.90
300,Validator,0.19
301,Validator,1.02
302,Validator,1.97
303,Validator,0.98
304,Validator,1.11
305,Validator,1.96
306,Validator,0.05
307,Validator,1.07
308,Validator,1.78
309,Validator,4.21
310,Validator,0.45
311,Validator,6.09
312,Validator,0.46
313,Validator,4.83
314,Validator,1.19
315,Validator,5.97
316,Validator,0.22
317,Validator,3.76
318,Validator,2.61
319,Validator,0.03
320,Validator,1.03
321,Validator,1.67
322,Validator,0.68
323,Validator,1.83
324,Validator,1.01
325,Validator,0.26
326,Validator,1.17
327,Validator,2.07
328,Validator,0.77
329,Validator,1.11
330,Validator,1.43
331,Validator,0.28
332,Validator,5.44
333,Validator,2.29
334,Validator,4.66
335,Validator,0.93
336,Validator,7.19
337,Validator,0.21
338,Validator,4.75
339,Validator,1.50
340,Validator,2.62
341,Validator,0.29
342,Validator,1.74
343,Validator,0.23
344,Validator,1.04
345,Validator,1.50
346,Validator,0.61
347,Validator,0.70
348,Validator,1.73
349,Validator,0.61
350,Validator,0.32
351,Validator,1.32
352,Validator,1.07
353,Validator,0.78
354,Validator,1.11
355,Validator,3.56
356,Validator,0.08
357,Validator,4.59
358,Validator,0.49
359,Validator,4.47
360,Validator,3.68
361,Validator,5.84
362,Validator,0.24
363,Validator,5.75
364,Validator,0.94
365,Validator,0.08
366,Validator,0.90
367,Validator,1.30
368,Validator,0.77
369,Validator,0.94
370,Validator,1.73
371,Validator,0.34
372,Validator,1.43
373,Validator,2.35
374,Validator,0.04
375,Validator,0.33
376,Validator,1.74
377,Validator,0.44
378,Validator,4.48
379,Validator,2.40
380,Validator,6.04
381,Validator,0.23
382,Validator,4.50
383,Validator,0.18
384,Validator,3.68
385,Validator,0.81
386,Validator,3.42
387,Validator,0.25
388,Validator,0.64
389,Validator,0.66
390,Validator,0.03
391,Validator,1.82
392,Validator,2.70
393,Validator,0.74
394,Validator,1.95
395,Validator,1.65
396,Validator,0.78
397,Validator,1.32
398,Validator,0.47
399,Validator,0.80
400,Validator,1.42
401,Validator,4.27
402,Validator,0.12
403,Validator,3.45
404,Validator,1.22
405,Validator,5.12
406,Validator,4.69
407,Validator,3.70
408,Validator,0.33
409,Validator,4.24
410,Validator,0.84
411,Validator,0.27
412,Validator,0.57
413,Validator,1.00
414,Validator,0.31
415,Validator,0.05
416,Validator,1.88
417,Validator,0.94
418,Validator,0.90
419,Validator,1.75
420,Validator,3.19
421,Validator,0.33
422,Validator,0.99
423,Validator,1.13
424,Validator,0.05
425,Validator,0.35
426,Validator,4.23
427,Validator,0.06
428,Validator,5.09
429,Validator,0.71
430,Validator,3.62
431,Validator,0.85
432,Validator,4.53
433,Validator,0.15
434,Validator,4.21
435,Validator,1.19
436,Validator,1.84
437,Validator,0.89
438,Validator,1.15
439,Validator,0.80
440,Validator,0.81
441,Validator,1.17
442,Validator,1.33
443,Validator,1.19
444,Validator,0.77
445,Validator,0.39
446,Validator,0.04
447,Validator,2.74
448,Validator,1.07
449,Validator,0.15
450,Validator,1.41
451,Validator,0.83
452,Validator,0.49
453,Validator,3.21
454,Validator,1.72
455,Validator,3.32
456,Validator,0.92
457,Validator,4.17
458,Validator,0.23
459,Validator,4.71
460,Validator,2.18
461,Validator,3.06
462,Validator,1.16
463,Validator,2.10
464,Validator,1.33
465,Validator,1.42
466,Validator,1.12
467,Validator,0.95
468,Validator,1.11
469,Validator,1.70
470,Validator,0.69
471,Validator,0.07
472,Validator,0.72
473,Validator,0.47
474,Validator,0.25
475,Validator,1.85
476,Validator,1.61
477,Validator,0.38
478,Validator,2.34
479,Validator,0.73
480,Validator,4.55
481,Validator,0.79
482,Validator,4.98
483,Validator,0.09
484,Validator,5.17
485,Validator,0.75
486,Validator,2.75
487,Validator,1.79
488,Validator,2.11
489,Validator,0.82
490,Validator,2.47
491,Validator,1.37
492,Validator,0.27
493,Validator,0.87
494,Validator,2.20
495,Validator,0.21
496,Validator,0.10
497,Validator,7.67
498,Validator,0.33
499,Validator,0.62
500,Validator,0.64
501,Validator,1.57
502,Validator,0.34
503,Validator,4.79
504,Validator,1.26
505,Validator,3.94
506,Validator,1.48
507,Validator,5.30
508,Validator,0.95
509,Validator,3.81
510,Validator,1.15
511,Validator,5.00
512,Validator,1.68
513,Validator,2.00
514,Validator,0.20
515,Validator,0.63
516,Validator,1.33
517,Validator,0.74
518,Validator,0.40
519,Validator,0.64
520,Validator,0.47
521,Validator,0.15
522,Validator,2.16
523,Validator,0.79
524,Validator,0.32
525,Validator,1.06
526,Validator,3.32
527,Validator,0.98
528,Validator,6.82
529,Validator,2.16
530,Validator,4.34
531,Validator,1.31
532,Validator,4.74
533,Validator,0.12
534,Validator,3.98
535,Validator,1.89
536,Validator,0.27
537,Validator,0.99
538,Validator,0.94
539,Validator,0.16
540,Validator,0.99
541,Validator,1.00
542,Validator,0.09
543,Validator,1.00
544,Validator,1.56
545,Validator,0.36
546,Validator,0.64
547,Validator,1.91
548,Validator,0.96
549,Validator,1.70
550,Validator,1.39
551,Validator,2.34
552,Validator,0.52
553,Validator,3.78
554,Validator,0.45
555,Validator,3.68
556,Validator,0.47
557,Validator,3.81
558,Validator,0.09
559,Validator,3.11
560,Validator,0.38
561,Validator,4.14
562,Validator,0.13
563,Validator,4.05
564,Validator,0.38
565,Validator,0.79
566,Validator,0.31
567,Validator,1.11
568,Validator,0.37
569,Validator,1.30
570,Validator,1.71
571,Validator,0.09
572,Validator,1.48
573,Validator,1.20
574,Validator,0.04
575,Validator,0.77
576,Validator,1.59
577,Validator,0.28
578,Validator,5.47
579,Validator,2.26
580,Validator,4.12
581,Validator,0.61
582,Validator,3.45
583,Validator,0.62
584,Validator,3.58
585,Validator,1.52
586,Validator,1.94
587,Validator,0.10
588,Validator,2.81
589,Validator,1.28
590,Validator,0.73
591,Validator,2.85
592,Validator,1.46
593,Validator,0.14
594,Validator,1.83
595,Validator,1.37
596,Validator,0.49
597,Validator,0.24
598,Validator,2.51
599,Validator,0.03
600,Validator,0.95
601,Validator,3.14
602,Validator,0.20
603,Validator,3.19
604,Validator,1.45
605,Validator,4.19
606,Validator,0.06
607,Validator,3.90
608,Validator,0.62
609,Validator,3.08
610,Validator,0.62
611,Validator,2.42
612,Validator,0.28
613,Validator,2.84
614,Validator,0.28
615,Validator,0.50
616,Validator,2.57
617,Validator,0.73
618,Validator,0.35
619,Validator,0.90
620,Validator,1.12
621,Validator,0.06
622,Validator,2.22
623,Validator,0.68
624,Validator,3.30
625,Validator,1.38
626,Validator,5.14
627,Validator,0.06
628,Validator,4.35
629,Validator,1.73
630,Validator,3.83
631,Validator,2.28
632,Validator,3.74
633,Validator,0.63
634,Validator,0.30
635,Validator,2.85
636,Validator,0.39
637,Validator,0.40
638,Validator,0.59
639,Validator,0.02
640,Validator,0.24
641,Validator,1.58
642,Validator,0.23
643,Validator,0.18
644,Validator,3.08
645,Validator,1.18
646,Validator,0.19
647,Validator,5.05
648,Validator,0.90
649,Validator,3.41
650,Validator,1.51
651,Validator,6.25
652,Validator,0.61
653,Validator,4.73
654,Validator,1.48
655,Validator,0.68
656,Validator,2.11
657,Validator,2.21
658,Validator,0.07
659,Validator,1.85
660,Validator,0.47
661,Validator,0.83
662,Validator,1.57
663,Validator,1.68
664,Validator,0.12
665,Validator,0.64
666,Validator,1.94
667,Validator,0.05
668,Validator,4.69
669,Validator,1.97
670,Validator,4.08
671,Validator,1.21
672,Validator,5.88
673,Validator,0.26
674,Validator,3.92
675,Validator,1.18
676,Validator,3.48
677,Validator,0.23
678,Validator,1.67
679,Validator,0.22
680,Validator,0.12
681,Validator,2.61
682,Validator,0.67
683,Validator,0.35
684,Validator,1.87
685,Validator,1.45
686,Validator,0.45
687,Validator,1.66
688,Validator,0.93
689,Validator,0.08
690,Validator,0.94
691,Validator,3.73
692,Validator,0.06
693,Validator,5.81
694,Validator,3.03
695,Validator,3.40
696,Validator,2.23
697,Validator,3.62
698,Validator,0.54
699,Validator,1.41
700,Validator,2.78
701,Validator,0.71
702,Validator,0.52
703,Validator,1.35
704,Validator,0.11
705,Validator,1.20
706,Validator,0.59
707,Validator,0.02
708,Validator,0.21
709,Validator,0.83
710,Validator,0.09
711,Validator,0.54
712,Validator,4.74
713,Validator,0.28
714,Validator,3.52
715,Validator,2.31
716,Validator,3.03
717,Validator,1.35
718,Validator,3.74
719,Validator,0.17
720,Validator,2.89
721,Validator,2.34
722,Validator,1.40
723,Validator,0.04
724,Validator,3.30
725,Validator,1.42
726,Validator,1.45
727,Validator,2.14
728,Validator,1.88
729,Validator,0.68
730,Validator,1.32
731,Validator,0.67
732,Validator,0.61
733,Validator,1.22
734,Validator,2.04
735,Validator,2.51
736,Validator,1.62
737,Validator,4.23
738,Validator,0.38
739,Validator,3.66
740,Validator,1.76
741,Validator,4.15
742,Validator,0.43
743,Validator,6.63
744,Validator,0.64
745,Validator,0.82
746,Validator,1.35
747,Validator,1.26
748,Validator,0.03
749,Validator,2.73
750,Validator,1.68
751,Validator,0.70
752,Validator,0.52
753,Validator,1.21
754,Validator,0.31
755,Validator,1.52
756,Validator,0.78
757,Validator,0.31
758,Validator,5.15
759,Validator,1.97
760,Validator,3.01
761,Validator,1.67
762,Validator,3.90
763,Validator,0.19
764,Validator,4.23
765,Validator,0.62
766,Validator,1.41
767,Validator,1.08
768,Validator,1.10
769,Validator,0.57
770,Validator,1.22
771,Validator,1.44
772,Validator,0.76
773,Validator,0.94
774,Validator,2.08
775,Validator,0.09
776,Validator,0.25
777,Validator,1.67
778,Validator,0.24
779,Validator,0.31
780,Validator,1.74
781,Validator,5.24
782,Validator,0.05
783,Validator,4.49
784,Validator,0.81
785,Validator,2.74
786,Validator,2.27
787,Validator,3.28
788,Validator,0.31
789,Validator,2.78
790,Validator,1.19
791,Validator,1.00
792,Validator,0.56
793,Validator,1.71
794,Validator,0.16
795,Validator,1.35
796,Validator,0.90
797,Validator,0.10
798,Validator,1.13
799,Validator,2.02
800,Validator,0.26
801,Validator,0.14
802,Validator,1.92
803,Validator,0.41
804,Validator,4.26
805,Validator,1.61
806,Validator,4.91
807,Validator,0.28
808,Validator,3.79
809,Validator,1.74
810,Validator,3.28
811,Validator,1.01
812,Validator,3.49
813,Validator,0.01
814,Validator,1.12
815,Validator,4.20
816,Validator,0.69
817,Validator,3.40
818,Validator,1.43
819,Validator,0.48
820,Validator,0.86
821,Validator,2.25
822,Validator,0.07
823,Validator,0.99
824,Validator,1.88
825,Validator,0.01
826,Validator,0.19
827,Validator,2.61
828,Validator,0.18
829,Validator,2.97
830,Validator,3.00
831,Validator,3.06
832,Validator,0.48
833,Validator,5.33
834,Validator,0.70
835,Validator,4.01
836,Validator,1.94
837,Validator,2.99
838,Validator,0.54
839,Validator,1.55
840,Validator,1.32
841,Validator,0.04
842,Validator,1.47
843,Validator,2.08
844,Validator,0.52
845,Validator,2.61
846,Validator,0.96
847,Validator,0.22
848,Validator,0.88
849,Validator,1.56
850,Validator,1.79
851,Validator,0.80
852,Validator,5.63
853,Validator,0.17
854,Validator,4.22
855,Validator,1.33
856,Validator,3.85
857,Validator,1.25
858,Validator,5.13
859,Validator,0.05
860,Validator,1.15
861,Validator,1.37
862,Validator,0.02
863,Validator,0.09
864,Validator,1.26
865,Validator,0.75
866,Validator,0.14
867,Validator,2.83
868,Validator,0.36
869,Validator,0.04
870,Validator,2.32
871,Validator,0.18
872,Validator,1.00
873,Validator,4.37
874,Validator,0.96
875,Validator,4.28
876,Validator,1.83
877,Validator,5.62
878,Validator,0.37
879,Validator,5.24
880,Validator,1.31
881,Validator,4.06
882,Validator,1.73
883,Validator,2.43
884,Validator,0.28
885,Validator,1.34
886,Validator,1.39
887,Validator,0.29
888,Validator,0.35
889,Validator,1.55
890,Validator,0.12
891,Validator,0.30
892,Validator,1.05
893,Validator,0.24
894,Validator,0.03
895,Validator,1.80
896,Validator,1.91
897,Validator,0.14
898,Validator,3.61
899,Validator,1.23
900,Validator,3.23
901,Validator,2.56
902,Validator,4.91
903,Validator,0.74
904,Validator,4.56
905,Validator,0.67
906,Validator,6.41
907,Validator,2.11
908,Validator,2.94
909,Validator,0.11
910,Validator,0.96
911,Validator,1.41
912,Validator,0.57
913,Validator,0.33
914,Validator,0.92
915,Validator,0.37
916,Validator,0.93
917,Validator,1.16
918,Validator,0.09
919,Validator,4.01
920,Validator,0.95
921,Validator,3.41
922,Validator,0.15
923,Validator,4.53
924,Validator,0.41
925,Validator,2.59
926,Validator,2.05
927,Validator,3.69
928,Validator,0.68
929,Validator,0.77
930,Validator,0.46
931,Validator,0.53
932,Validator,0.86
933,Validator,0.54
934,Validator,0.13
935,Validator,2.52
936,Validator,0.70
937,Validator,0.33
938,Validator,2.69
939,Validator,1.58
940,Validator,0.33
941,Validator,0.73
942,Validator,3.74
943,Validator,0.72
944,Validator,5.47
945,Validator,1.24
946,Validator,2.91
947,Validator,0.64
948,Validator,7.05
949,Validator,0.25
950,Validator,3.26
951,Validator,2.04
952,Validator,0.62
953,Validator,0.63
954,Validator,2.76
955,Validator,0.67
956,Validator,0.46
957,Validator,2.44
958,Validator,0.78
959,Validator,0.53
960,Validator,1.46
961,Validator,0.55
962,Validator,0.10
963,Validator,0.98
964,Validator,2.56
965,Validator,0.82
966,Validator,0.25
967,Validator,3.97
968,Validator,0.05
969,Validator,4.06
970,Validator,1.10
971,Validator,4.22
972,Validator,0.31
973,Validator,6.05
974,Validator,0.39
975,Validator,0.18
976,Validator,3.04
977,Validator,0.52
978,Validator,0.19
979,Validator,1.49
980,Validator,0.50
981,Validator,0.23
982,Validator,0.83
983,Validator,2.04
984,Validator,0.43
985,Validator,1.82
986,Validator,1.13
987,Validator,0.05
988,Validator,1.27
989,Validator,1.43
990,Validator,2.78
991,Validator,0.89
992,Validator,5.24
993,Validator,0.27
994,Validator,3.26
995,Validator,1.67
996,Validator,3.56
997,Validator,0.11
998,Validator,3.48
999,Validator,0.88
1000,Validator,0.16
1001,Validator,0.96
1002,Validator,0.54
1003,Validator,0.23
1004,Validator,4.15
1005,Validator,1.09
1006,Validator,0.44
1007,Validator,1.42
1008,Validator,1.59
1009,Validator,0.86
1010,Validator,2.39
1011,Validator,1.76
1012,Validator,0.72
1013,Validator,4.33
1014,Validator,0.64
1015,Validator,3.57
1016,Validator,0.98
1017,Validator,5.82
1018,Validator,0.49
1019,Validator,4.07
1020,Validator,1.06
1021,Validator,0.16
1022,Validator,0.74
1023,Validator,1.46
1024,Validator,0.02
1025,Validator,0.35
1026,Validator,2.02
1027,Validator,0.31
1028,Validator,0.69
1029,Validator,1.41
1030,Validator,1.28
1031,Validator,0.10
1032,Validator,1.37
1033,Validator,2.03
1034,Validator,0.29
1035,Validator,1.05
1036,Validator,6.26
1037,Validator,0.16
1038,Validator,5.28
1039,Validator,1.13
1040,Validator,3.20
1041,Validator,1.20
1042,Validator,5.25
1043,Validator,0.14
1044,Validator,3.45
1045,Validator,0.77
1046,Validator,0.62
1047,Validator,0.31
1048,Validator,0.93
1049,Validator,0.27
1050,Validator,0.35
1051,Validator,1.64
1052,Validator,0.15
1053,Validator,0.99
1054,Validator,3.32
1055,Validator,0.81
1056,Validator,1.13
1057,Validator,4.88
1058,Validator,0.49
1059,Validator,5.38
1060,Validator,0.97
1061,Validator,4.01
1062,Validator,0.50
1063,Validator,6.63
1064,Validator,0.89
1065,Validator,2.64
1066,Validator,0.88
1067,Validator,1.61
1068,Validator,0.40
1069,Validator,1.61
1070,Validator,0.29
1071,Validator,0.62
1072,Validator,0.70
1073,Validator,1.58
1074,Validator,1.01
1075,Validator,0.94
1076,Validator,1.12
1077,Validator,0.40
1078,Validator,1.09
1079,Validator,1.41
1080,Validator,3.91
1081,Validator,2.48
1082,Validator,4.76
1083,Validator,0.22
1084,Validator,4.71
1085,Validator,1.22
1086,Validator,4.33
1087,Validator,0.20
1088,Validator,15.44
1089,Validator,0.11
1090,Validator,0.93
1091,Validator,0.76
1092,Validator,0.27
1093,Validator,0.48
1094,Validator,1.46
1095,Validator,0.25
1096,Validator,1.17
1097,Validator,1.24
1098,Validator,0.08
1099,Validator,0.78
1100,Validator,1.83
1101,Validator,3.58
1102,Validator,0.48
1103,Validator,3.65
1104,Validator,0.29
1105,Validator,4.88
1106,Validator,1.54
1107,Validator,4.46
1108,Validator,0.40
1109,Validator,2.12
1110,Validator,0.83
1111,Validator,0.03
1112,Validator,1.32
1113,Validator,2.50
1114,Validator,0.25
1115,Validator,1.52
1116,Validator,0.68
1117,Validator,0.15
1118,Validator,2.53
1119,Validator,1.36
1120,Validator,0.75
1121,Validator,0.70
1122,Validator,1.41
1123,Validator,0.06
1124,Validator,3.98
1125,Validator,1.80
1126,Validator,4.04
1127,Validator,1.43
1128,Validator,5.18
1129,Validator,0.22
1130,Validator,4.26
1131,Validator,2.40
1132,Validator,1.40
1133,Validator,0.16
1134,Validator,1.48
1135,Validator,0.85
1136,Validator,0.37
1137,Validator,1.09
1138,Validator,0.44
1139,Validator,0.97
1140,Validator,0.61
1141,Validator,1.25
1142,Validator,0.03
1143,Validator,0.91
1144,Validator,1.20
1145,Validator,0.78
1146,Validator,1.79
1147,Validator,6.21
1148,Validator,0.27
1149,Validator,4.76
1150,Validator,1.27
1151,Validator,3.35
1152,Validator,0.95
1153,Validator,4.47
1154,Validator,0.52
1155,Validator,0.93
1156,Validator,0.48
1157,Validator,0.13
1158,Validator,0.27
1159,Validator,1.96
1160,Validator,0.14
1161,Validator,0.32
1162,Validator,1.45
1163,Validator,0.37
1164,Validator,1.10
1165,Validator,1.95
1166,Validator,0.92
1167,Validator,0.03
1168,Validator,3.67
1169,Validator,1.67
1170,Validator,4.92
1171,Validator,2.04
1172,Validator,4.98
1173,Validator,0.21
1174,Validator,4.68
1175,Validator,0.79
1176,Validator,0.20
1177,Validator,1.00
1178,Validator,1.89
1179,Validator,0.26
1180,Validator,2.69
1181,Validator,0.55
1182,Validator,0.08
1183,Validator,1.00
1184,Validator,0.87
1185,Validator,0.08
1186,Validator,1.48
1187,Validator,0.53
1188,Validator,0.10
1189,Validator,3.68
1190,Validator,0.85
1191,Validator,4.53
1192,Validator,1.23
1193,Validator,3.94
1194,Validator,0.12
1195,Validator,5.57
1196,Validator,2.19
1197,Validator,5.18
1198,Validator,0.68
1199,Validator,1.79
1200,Validator,0.10
1201,Validator,0.09
1202,Validator,1.72
1203,Validator,1.29
1204,Validator,0.11
1205,Validator,1.60
1206,Validator,0.91
1207,Validator,0.06
1208,Validator,0.80
1209,Validator,1.41
1210,Validator,0.11
1211,Validator,1.73
1212,Validator,1.79
1213,Validator,0.23
1214,Validator,4.08
1215,Validator,1.50
1216,Validator,5.24
1217,Validator,0.33
1218,Validator,3.43
1219,Validator,0.23
1220,Validator,5.95
1221,Validator,0.78
1222,Validator,0.71
1223,Validator,0.84
1224,Validator,4.54
1225,Validator,0.05
1226,Validator,0.52
1227,Validator,0.67
1228,Validator,0.08
1229,Validator,0.90
1230,Validator,1.88
1231,Validator,0.29
1232,Validator,0.13
1233,Validator,1.33
1234,Validator,0.15
1235,Validator,4.13
1236,Validator,2.00
1237,Validator,2.93
1238,Validator,1.45
1239,Validator,5.21
1240,Validator,0.61
1241,Validator,3.83
1242,Validator,2.59
1243,Validator,3.84
1244,Validator,0.39
1245,Validator,0.89
1246,Validator,1.24
1247,Validator,0.67
1248,Validator,2.25
1249,Validator,1.19
1250,Validator,0.68
1251,Validator,0.53
1252,Validator,1.28
1253,Validator,0.20
1254,Validator,0.76
1255,Validator,1.14
1256,Validator,0.07
1257,Validator,0.47
1258,Validator,4.44
1259,Validator,0.13
1260,Validator,3.96
1261,Validator,1.31
1262,Validator,4.10
1263,Validator,0.46
1264,Validator,4.28
1265,Validator,0.35
1266,Validator,0.79
1267,Validator,1.74
1268,Validator,0.19
1269,Validator,0.35
1270,Validator,1.77
1271,Validator,2.10
1272,Validator,0.46
1273,Validator,1.98
1274,Validator,1.50
1275,Validator,0.19
1276,Validator,1.24
1277,Validator,0.70
1278,Validator,0.14
1279,Validator,3.96
1280,Validator,1.47
1281,Validator,3.98
1282,Validator,1.21
1283,Validator,4.55
1284,Validator,0.34
1285,Validator,3.04
1286,Validator,4.40
1287,Validator,2.80
1288,Validator,0.58
1289,Validator,1.81
1290,Validator,0.10
1291,Validator,0.80
1292,Validator,1.20
1293,Validator,0.46
1294,Validator,0.09
1295,Validator,1.31
1296,Validator,0.25
1297,Validator,0.11
1298,Validator,1.31
1299,Validator,0.79
1300,Validator,0.84
1301,Validator,1.45
1302,Validator,3.17
1303,Validator,0.74
1304,Validator,3.61
1305,Validator,2.39
1306,Validator,4.85
1307,Validator,0.30
1308,Validator,4.77
1309,Validator,0.07
1310,Validator,3.65
1311,Validator,1.16
1312,Validator,1.48
1313,Validator,0.11
1314,Validator,1.19
1315,Validator,0.34
1316,Validator,0.11
1317,Validator,0.62
1318,Validator,1.57
1319,Validator,0.20
1320,Validator,2.62
1321,Validator,1.10
1322,Validator,0.48
1323,Validator,1.16
1324,Validator,1.25
1325,Validator,0.98
1326,Validator,1.34
1327,Validator,4.80
1328,Validator,0.10
1329,Validator,2.67
1330,Validator,1.16
1331,Validator,3.89
1332,Validator,0.79
1333,Validator,5.07
1334,Validator,0.05
1335,Validator,2.79
1336,Validator,1.28
1337,Validator,0.73
1338,Validator,0.17
1339,Validator,2.89
1340,Validator,0.24
1341,Validator,0.34
1342,Validator,2.11
1343,Validator,0.71
1344,Validator,0.99
1345,Validator,3.57
1346,Validator,2.69
1347,Validator,0.23
1348,Validator,2.15
1349,Validator,2.23
1350,Validator,2.91
1351,Validator,2.08
1352,Validator,4.43
1353,Validator,0.09
1354,Validator,4.54
1355,Validator,0.84
1356,Validator,4.15
1357,Validator,0.79
1358,Validator,4.07
1359,Validator,0.06
1360,Validator,0.78
1361,Validator,5.50
1362,Validator,0.05
1363,Validator,1.02
1364,Validator,3.07
1365,Validator,0.19
1366,Validator,1.33
1367,Validator,0.74
1368,Validator,0.69
1369,Validator,0.13
1370,Validator,1.76
1371,Validator,5.01
1372,Validator,1.65
1373,Validator,3.99
1374,Validator,0.50
1375,Validator,3.58
1376,Validator,0.89
1377,Validator,4.83
1378,Validator,0.56
1379,Validator,1.61
1380,Validator,0.08
1381,Validator,0.38
1382,Validator,2.01
1383,Validator,0.80
1384,Validator,0.70
1385,Validator,1.95
1386,Validator,0.64
1387,Validator,0.18
1388,Validator,1.22
1389,Validator,0.65
1390,Validator,0.10
1391,Validator,2.35
1392,Validator,0.96
1393,Validator,0.29
1394,Validator,4.17
1395,Validator,0.15
1396,Validator,4.70
1397,Validator,1.05
1398,Validator,4.03
1399,Validator,0.05
1400,Validator,3.94
1401,Validator,0.53
1402,Validator,0.72
1403,Validator,1.30
1404,Validator,1.10
1405,Validator,0.81
1406,Validator,4.47
1407,Validator,2.57
1408,Validator,0.20
1409,Validator,1.14
1410,Validator,2.98
1411,Validator,0.22
1412,Validator,0.93
1413,Validator,1.50
1414,Validator,0.31
1415,Validator,0.30
1416,Validator,1.47
1417,Validator,1.59
1418,Validator,0.08
1419,Validator,5.82
1420,Validator,1.76
1421,Validator,4.27
1422,Validator,1.30
1423,Validator,4.20
1424,Validator,0.48
1425,Validator,4.24
1426,Validator,1.91
1427,Validator,1.34
1428,Validator,0.40
1429,Validator,2.24
1430,Validator,0.48
1431,Validator,0.77
1432,Validator,0.69
1433,Validator,0.60
1434,Validator,0.22
1435,Validator,1.88
1436,Validator,0.29
1437,Validator,0.37
1438,Validator,0.79
1439,Validator,0.55
1440,Validator,0.10
1441,Validator,1.66
1442,Validator,0.50
1443,Validator,0.03
1444,Validator,4.75
1445,Validator,0.55
1446,Validator,3.89
1447,Validator,2.28
1448,Validator,4.19
1449,Validator,0.12
1450,Validator,4.17
1451,Validator,2.26
1452,Validator,0.16
1453,Validator,1.94
1454,Validator,1.74
1455,Validator,0.46
1456,Validator,1.55
1457,Validator,0.97
1458,Validator,0.33
1459,Validator,0.77
1460,Validator,1.95
1461,Validator,0.08
1462,Validator,0.51
1463,Validator,1.71
1464,Validator,0.11
1465,Validator,0.89
1466,Validator,0.96
1467,Validator,3.88
1468,Validator,0.30
1469,Validator,4.48
1470,Validator,0.12
1471,Validator,5.23
1472,Validator,1.44
1473,Validator,3.44
1474,Validator,0.41
1475,Validator,6.63
1476,Validator,0.45
1477,Validator,1.74
1478,Validator,1.37
1479,Validator,0.68
1480,Validator,0.07
1481,Validator,1.75
1482,Validator,0.37
1483,Validator,0.07
1484,Validator,0.74
1485,Validator,1.42
1486,Validator,0.33
1487,Validator,1.09
1488,Validator,1.18
1489,Validator,0.68
1490,Validator,1.39
1491,Validator,1.18
1492,Validator,2.92
1493,Validator,1.17
1494,Validator,6.71
1495,Validator,0.24
1496,Validator,2.99
1497,Validator,10.08
1498,Validator,3.66
1499,Validator,0.86
1500,Validator,5.51
1501,Validator,0.63
1502,Validator,3.32
1503,Validator,1.16
1504,Validator,0.50
1505,Validator,0.25
1506,Validator,0.73
1507,Validator,1.19
1508,Validator,0.02
1509,Validator,1.64
1510,Validator,2.13
1511,Validator,1.28
1512,Validator,0.51
1513,Validator,1.19
1514,Validator,0.02
1515,Validator,1.70
1516,Validator,1.07
1517,Validator,0.42
1518,Validator,0.68
1519,Validator,4.96
1520,Validator,0.06
1521,Validator,3.70
1522,Validator,1.64
1523,Validator,4.07
1524,Validator,0.94
1525,Validator,6.47
1526,Validator,0.33
1527,Validator,0.25
1528,Validator,1.41
1529,Validator,0.18
1530,Validator,0.39
1531,Validator,2.44
1532,Validator,0.34
1533,Validator,0.32
1534,Validator,2.15
1535,Validator,0.66
1536,Validator,0.83
1537,Validator,2.38
1538,Validator,1.45
1539,Validator,1.15
1540,Validator,4.25
1541,Validator,0.87
1542,Validator,2.88
1543,Validator,1.24
1544,Validator,5.06
1545,Validator,0.46
1546,Validator,6.09
1547,Validator,1.43
1548,Validator,5.69
1549,Validator,0.67
1550,Validator,1.68
1551,Validator,0.28
1552,Validator,0.73
1553,Validator,0.70
1554,Validator,0.28
1555,Validator,0.13
1556,Validator,2.64
1557,Validator,0.16
1558,Validator,1.08
1559,Validator,2.50
1560,Validator,0.25
1561,Validator,0.91
1562,Validator,2.40
1563,Validator,2.51
1564,Validator,0.28
1565,Validator,4.15
1566,Validator,1.17
1567,Validator,4.22
1568,Validator,2.12
1569,Validator,5.52
1570,Validator,0.40
1571,Validator,4.32
1572,Validator,0.92
1573,Validator,0.20
1574,Validator,0.77
1575,Validator,1.90
1576,Validator,0.23
1577,Validator,1.55
1578,Validator,1.46
1579,Validator,0.36
1580,Validator,0.93
1581,Validator,2.09
1582,Validator,0.71
1583,Validator,0.39
1584,Validator,1.27
1585,Validator,0.19
1586,Validator,0.01
1587,Validator,1.81
1588,Validator,7.67
1589,Validator,0.24
1590,Validator,5.80
1591,Validator,0.55
1592,Validator,8.33
1593,Validator,0.47
1594,Validator,4.44
1595,Validator,0.82
1596,Validator,8.10
1597,Validator,0.99
1598,Validator,1.62
1599,Validator,1.60
1600,Validator,2.05
1601,Validator,0.90
1602,Validator,0.59
1603,Validator,2.95
1604,Validator,0.25
1605,Validator,0.97
1606,Validator,2.04
1607,Validator,0.57
1608,Validator,0.13
1609,Validator,1.21
1610,Validator,0.15
1611,Validator,3.71
1612,Validator,1.12
1613,Validator,5.12
1614,Validator,0.05
1615,Validator,5.87
1616,Validator,0.21
1617,Validator,4.20
1618,Validator,1.24
1619,Validator,0.35
1620,Validator,0.21
1621,Validator,1.17
1622,Validator,0.36
1623,Validator,0.10
1624,Validator,1.14
1625,Validator,0.54
1626,Validator,0.91
1627,Validator,1.73
1628,Validator,2.42
1629,Validator,0.26
1630,Validator,1.00
1631,Validator,1.36
1632,Validator,2.58
1633,Validator,1.64
1634,Validator,5.20
1635,Validator,0.07
1636,Validator,5.59
1637,Validator,1.10
1638,Validator,5.17
1639,Validator,1.48
1640,Validator,5.14
1641,Validator,0.18
1642,Validator,0.61
1643,Validator,0.87
1644,Validator,0.17
1645,Validator,1.30
1646,Validator,1.26
1647,Validator,0.99
1648,Validator,0.06
1649,Validator,1.21
1650,Validator,0.20
1651,Validator,1.49
1652,Validator,1.26
1653,Validator,2.03
1654,Validator,0.33
1655,Validator,3.75
1656,Validator,1.35
1657,Validator,4.22
1658,Validator,0.40
1659,Validator,6.19
1660,Validator,0.05
1661,Validator,5.05
1662,Validator,0.72
1663,Validator,1.82
1664,Validator,1.30
1665,Validator,1.22
1666,Validator,0.33
1667,Validator,0.80
1668,Validator,1.37
1669,Validator,0.25
1670,Validator,0.26
1671,Validator,1.56
1672,Validator,0.20
1673,Validator,1.04
1674,Validator,1.42
1675,Validator,0.17
1676,Validator,1.89
1677,Validator,1.25
1678,Validator,3.31
1679,Validator,1.24
1680,Validator,6.01
1681,Validator,0.65
1682,Validator,3.61
1683,Validator,1.24
1684,Validator,3.41
1685,Validator,0.07
1686,Validator,1.59
1687,Validator,0.57
1688,Validator,0.18
1689,Validator,1.25
1690,Validator,2.89
1691,Validator,1.34
1692,Validator,1.60
1693,Validator,1.83
1694,Validator,0.31
1695,Validator,1.22
1696,Validator,1.19
1697,Validator,0.74
1698,Validator,0.43
1699,Validator,1.70
1700,Validator,0.16
1701,Validator,4.65
1702,Validator,1.72
1703,Validator,5.02
1704,Validator,0.08
1705,Validator,5.98
1706,Validator,0.63
1707,Validator,3.44
1708,Validator,1.75
1709,Validator,3.10
1710,Validator,0.80
1711,Validator,2.22
1712,Validator,0.94
1713,Validator,0.12
1714,Validator,1.12
1715,Validator,1.56
1716,Validator,0.85
1717,Validator,2.43
1718,Validator,1.38
1719,Validator,0.45
1720,Validator,2.07
1721,Validator,1.34
1722,Validator,0.61
1723,Validator,1.46
1724,Validator,13.05
1725,Validator,0.54
1726,Validator,5.30
1727,Validator,1.01
1728,Validator,4.29
1729,Validator,0.36
1730,Validator,4.56
1731,Validator,0.28
1732,Validator,4.70
1733,Validator,1.85
1734,Validator,0.93
1735,Validator,0.75
1736,Validator,1.98
1737,Validator,1.83
1738,Validator,0.74
1739,Validator,1.61
1740,Validator,1.23
1741,Validator,0.47
1742,Validator,1.09
1743,Validator,0.91
1744,Validator,0.05
1745,Validator,1.17
1746,Validator,1.53
1747,Validator,4.38
1748,Validator,1.08
1749,Validator,6.11
1750,Validator,0.44
1751,Validator,8.36
1752,Validator,1.04
1753,Validator,4.75
1754,Validator,0.33
1755,Validator,5.33
1756,Validator,0.22
1757,Validator,0.77
1758,Validator,2.05
1759,Validator,0.44
1760,Validator,0.68
1761,Validator,1.64
1762,Validator,1.03
1763,Validator,0.07
1764,Validator,1.22
1765,Validator,1.65
1766,Validator,0.60
1767,Validator,1.25
1768,Validator,1.28
1769,Validator,0.05
1770,Validator,9.18
1771,Validator,0.83
1772,Validator,2.94
1773,Validator,0.38
1774,Validator,6.73
1775,Validator,0.15
1776,Validator,4.43
1777,Validator,1.07
1778,Validator,4.85
1779,Validator,0.57
1780,Validator,4.37
1781,Validator,0.40
1782,Validator,0.25
1783,Validator,1.59
1784,Validator,0.15
1785,Validator,0.96
1786,Validator,2.62
1787,Validator,1.51
1788,Validator,0.08
1789,Validator,1.41
1790,Validator,1.21
1791,Validator,1.02
1792,Validator,2.24
1793,Validator,1.69
1794,Validator,0.41
1795,Validator,4.50
1796,Validator,0.95
1797,Validator,3.93
1798,Validator,1.64
1799,Validator,4.89
1800,Validator,0.08
1801,Validator,6.79
1802,Validator,1.13
1803,Validator,2.81
1804,Validator,0.94
1805,Validator,1.59
1806,Validator,0.80
1807,Validator,0.14
1808,Validator,1.57
1809,Validator,0.28
1810,Validator,0.13
1811,Validator,1.88
1812,Validator,0.69
1813,Validator,0.24
1814,Validator,1.59
1815,Validator,1.06
1816,Validator,0.03
1817,Validator,0.88
1818,Validator,2.58
1819,Validator,0.16
1820,Validator,4.47
1821,Validator,1.20
1822,Validator,3.55
1823,Validator,1.34
1824,Validator,3.02
1825,Validator,0.97
1826,Validator,5.45
1827,Validator,2.74
1828,Validator,0.04
1829,Validator,1.00
1830,Validator,0.66
1831,Validator,0.05
1832,Validator,0.87
1833,Validator,1.98
1834,Validator,0.15
1835,Validator,0.81
1836,Validator,0.69
1837,Validator,0.06
1838,Validator,1.07
1839,Validator,2.06
1840,Validator,0.14
1841,Validator,5.34
1842,Validator,1.60
1843,Validator,5.14
1844,Validator,0.77
1845,Validator,3.24
1846,Validator,0.49
1847,Validator,3.75
1848,Validator,1.07
1849,Validator,1.54
1850,Validator,0.20
1851,Validator,0.48
1852,Validator,0.28
1853,Validator,0.16
1854,Validator,1.44
1855,Validator,0.40
1856,Validator,0.18
1857,Validator,1.95
1858,Validator,0.91
1859,Validator,0.25
1860,Validator,1.44
1861,Validator,1.14
1862,Validator,0.53
1863,Validator,1.12
1864,Validator,5.01
1865,Validator,1.30
1866,Validator,5.05
1867,Validator,1.68
1868,Validator,3.23
1869,Validator,0.85
1870,Validator,4.00
1871,Validator,0.32
1872,Validator,1.24
1873,Validator,1.06
1874,Validator,0.56
1875,Validator,0.46
1876,Validator,3.00
1877,Validator,0.17
1878,Validator,0.16
1879,Validator,1.78
1880,Validator,0.22
1881,Validator,0.19
1882,Validator,0.60
1883,Validator,0.52
1884,Validator,0.85
1885,Validator,1.51
1886,Validator,2.44
1887,Validator,3.27
1888,Validator,1.52
1889,Validator,6.89
1890,Validator,0.69
1891,Validator,4.71
1892,Validator,1.33
1893,Validator,3.34
1894,Validator,0.34
1895,Validator,4.89
1896,Validator,0.12
1897,Validator,2.43
1898,Validator,1.94
1899,Validator,0.32
1900,Validator,0.28
1901,Validator,1.00
1902,Validator,1.88
1903,Validator,0.12
1904,Validator,4.03
1905,Validator,0.55
1906,Validator,0.05
1907,Validator,1.54
1908,Validator,0.47
1909,Validator,0.73
1910,Validator,1.11
1911,Validator,2.08
1912,Validator,3.95
1913,Validator,1.10
1914,Validator,3.75
1915,Validator,0.06
1916,Validator,5.13
1917,Validator,1.80
1918,Validator,3.69
1919,Validator,0.90
1920,Validator,2.99
1921,Validator,0.23
1922,Validator,0.14
1923,Validator,0.92
1924,Validator,0.90
1925,Validator,0.92
1926,Validator,1.07
1927,Validator,0.47
1928,Validator,0.10
1929,Validator,3.14
1930,Validator,0.10
1931,Validator,0.37
1932,Validator,1.86
1933,Validator,4.33
1934,Validator,0.96
1935,Validator,4.38
1936,Validator,1.11
1937,Validator,3.09
1938,Validator,1.17
1939,Validator,8.44
1940,Validator,0.15
1941,Validator,3.93
1942,Validator,0.76
1943,Validator,0.11
1944,Validator,1.91
1945,Validator,0.56
1946,Validator,0.47
1947,Validator,1.14
1948,Validator,0.84
1949,Validator,0.15
1950,Validator,0.82
1951,Validator,1.36
1952,Validator,0.10
1953,Validator,1.00
1954,Validator,1.35
1955,Validator,0.64
1956,Validator,2.93
1957,Validator,2.44
1958,Validator,4.08
1959,Validator,0.16
1960,Validator,5.50
1961,Validator,0.14
1962,Validator,4.01
1963,Validator,2.24
1964,Validator,4.26
1965,Validator,0.09
1966,Validator,2.59
1967,Validator,0.15
1968,Validator,0.20
1969,Validator,1.42
1970,Validator,0.37
1971,Validator,0.32
1972,Validator,1.79
1973,Validator,0.51
1974,Validator,0.09
1975,Validator,1.93
1976,Validator,0.28
1977,Validator,1.02
1978,Validator,2.23
1979,Validator,4.97
1980,Validator,1.20
1981,Validator,4.19
1982,Validator,2.51
1983,Validator,3.23
1984,Validator,1.10
1985,Validator,4.49
1986,Validator,0.49
1987,Validator,2.72
1988,Validator,0.77
1989,Validator,0.21
1990,Validator,0.71
1991,Validator,0.44
1992,Validator,0.11
1993,Validator,0.16
1994,Validator,1.53
1995,Validator,0.43
1996,Validator,0.21
1997,Validator,7.82
1998,Validator,1.31
1999,Validator,0.95
2000,Validator,2.17
2001,Validator,1.50
2002,Validator,4.01
2003,Validator,0.84
2004,Validator,4.49
2005,Validator,0.36
2006,Validator,4.15
2007,Validator,1.86
2008,Validator,2.57
2009,Validator,1.68
2010,Validator,5.19
2011,Validator,0.56
2012,Validator,1.09
2013,Validator,2.12
2014,Validator,0.26
2015,Validator,0.95
2016,Validator,1.23
2017,Validator,0.08
2018,Validator,0.43
2019,Validator,1.11
2020,Validator,1.40
2021,Validator,0.33
2022,Validator,1.59
2023,Validator,0.69
2024,Validator,0.76
2025,Validator,5.96
2026,Validator,1.19
2027,Validator,3.90
2028,Validator,1.85
2029,Validator,4.97
2030,Validator,0.15
2031,Validator,4.82
2032,Validator,0.24
2033,Validator,2.97
2034,Validator,1.85
2035,Validator,0.38
2036,Validator,0.14
2037,Validator,0.65
2038,Validator,0.93
2039,Validator,0.13
2040,Validator,1.03
2041,Validator,0.73
2042,Validator,0.10
2043,Validator,1.48
2044,Validator,1.34
2045,Validator,0.94
2046,Validator,1.23
2047,Validator,2.46
2048,Validator,3.50
2049,Validator,0.42
2050,Validator,5.73
2051,Validator,0.14
2052,Validator,6.51
2053,Validator,1.37
2054,Validator,3.52
2055,Validator,0.23
2056,Validator,5.08
2057,Validator,0.75
2058,Validator,0.08
2059,Validator,1.14
2060,Validator,1.00
2061,Validator,0.02
2062,Validator,0.90
2063,Validator,1.76
2064,Validator,0.47
2065,Validator,1.28
2066,Validator,1.17
2067,Validator,0.26
2068,Validator,1.51
2069,Validator,1.41
2070,Validator,0.73
2071,Validator,3.96
2072,Validator,0.68
2073,Validator,4.06
2074,Validator,0.86
2075,Validator,6.52
2076,Validator,0.14
2077,Validator,4.26
2078,Validator,2.37
2079,Validator,3.36
2080,Validator,0.62
2081,Validator,0.99
2082,Validator,0.81
2083,Validator,0.24
2084,Validator,1.58
2085,Validator,1.17
2086,Validator,0.13
2087,Validator,1.42
2088,Validator,1.98
2089,Validator,0.86
2090,Validator,1.35
2091,Validator,1.58
2092,Validator,0.27
2093,Validator,1.84
2094,Validator,2.59
2095,Validator,1.60
2096,Validator,5.69
2097,Validator,2.77
2098,Validator,2.46
2099,Validator,1.45
2100,Validator,3.41
2101,Validator,0.25
2102,Validator,0.85
2103,Validator,2.00
2104,Validator,0.55
2105,Validator,1.82
2106,Validator,0.99
2107,Validator,0.28
2108,Validator,1.21
2109,Validator,0.64
2110,Validator,0.92
2111,Validator,2.65
2112,Validator,2.98
2113,Validator,3.07
2114,Validator,0.97
2115,Validator,5.31
2116,Validator,1.44
2117,Validator,3.87
2118,Validator,2.96
2119,Validator,4.13
2120,Validator,1.22
2121,Validator,4.68
2122,Validator,0.22
2123,Validator,0.28
2124,Validator,1.77
2125,Validator,0.30
2126,Validator,0.44
2127,Validator,2.20
2128,Validator,1.10
2129,Validator,0.68
2130,Validator,2.18
2131,Validator,2.50
2132,Validator,0.22
2133,Validator,5.58
2134,Validator,1.89
2135,Validator,0.58
2136,Validator,1.11
2137,Validator,1.82
2138,Validator,3.31
2139,Validator,2.45
2140,Validator,3.45
2141,Validator,0.23
2142,Validator,4.32
2143,Validator,1.45
2144,Validator,2.63
2145,Validator,1.06
2146,Validator,1.25
2147,Validator,0.21
2148,Validator,1.42
2149,Validator,1.19
2150,Validator,1.02
2151,Validator,0.12
2152,Validator,1.46
2153,Validator,0.07
2154,Validator,1.58
2155,Validator,1.33
2156,Validator,0.64
2157,Validator,0.84
2158,Validator,2.16
2159,Validator,1.96
2160,Validator,0.10
2161,Validator,5.31
2162,Validator,1.40
2163,Validator,3.50
2164,Validator,1.68
2165,Validator,3.82
2166,Validator,0.54
2167,Validator,3.61
2168,Validator,2.40
2169,Validator,0.32
2170,Validator,1.44
2171,Validator,0.77
2172,Validator,0.07
2173,Validator,1.21
2174,Validator,0.41
2175,Validator,0.72
2176,Validator,1.01
2177,Validator,2.39
2178,Validator,0.60
2179,Validator,0.91
2180,Validator,1.91
2181,Validator,0.07
2182,Validator,3.58
2183,Validator,2.34
2184,Validator,4.66
2185,Validator,0.74
2186,Validator,4.24
2187,Validator,0.28
2188,Validator,3.60
2189,Validator,2.48
2190,Validator,0.05
2191,Validator,0.24
2192,Validator,1.31
2193,Validator,0.30
2194,Validator,0.77
2195,Validator,1.71
2196,Validator,0.54
2197,Validator,0.49
2198,Validator,1.55
2199,Validator,0.57
2200,Validator,0.74
2201,Validator,1.54
2202,Validator,1.85
2203,Validator,2.61
2204,Validator,1.26
2205,Validator,7.62
2206,Validator,0.24
2207,Validator,4.17
2208,Validator,1.67
2209,Validator,5.71
2210,Validator,1.20
2211,Validator,4.82
2212,Validator,0.17
2213,Validator,1.41
2214,Validator,0.66
2215,Validator,0.13
2216,Validator,0.97
2217,Validator,2.17
2218,Validator,1.06
2219,Validator,1.42
2220,Validator,1.49
2221,Validator,0.75
2222,Validator,0.84
2223,Validator,1.11
2224,Validator,6.45
2225,Validator,0.94
2226,Validator,5.09
2227,Validator,0.56
2228,Validator,3.94
2229,Validator,2.23
2230,Validator,3.02
2231,Validator,1.19
2232,Validator,4.75
2233,Validator,0.86
2234,Validator,2.18
2235,Validator,2.69
2236,Validator,0.52
2237,Validator,0.38
2238,Validator,1.09
2239,Validator,1.07
2240,Validator,0.02
2241,Validator,1.19
2242,Validator,0.29
2243,Validator,0.01
2244,Validator,1.12
2245,Validator,0.94
2246,Validator,0.08
2247,Validator,4.57
2248,Validator,1.59
2249,Validator,3.23
2250,Validator,1.58
2251,Validator,5.52
2252,Validator,1.08
2253,Validator,4.73
2254,Validator,2.70
2255,Validator,0.28
2256,Validator,1.34
2257,Validator,0.96
2258,Validator,0.04
2259,Validator,0.84
2260,Validator,0.85
2261,Validator,0.05
2262,Validator,1.63
2263,Validator,0.67
2264,Validator,0.73
2265,Validator,0.79
2266,Validator,1.77
2267,Validator,0.18
2268,Validator,4.56
2269,Validator,5.90
2270,Validator,3.03
2271,Validator,0.41
2272,Validator,6.38
2273,Validator,0.26
2274,Validator,4.11
2275,Validator,1.74
2276,Validator,0.18
2277,Validator,1.08
2278,Validator,1.93
2279,Validator,1.15
2280,Validator,0.57
2281,Validator,2.36
2282,Validator,1.25
2283,Validator,1.03
2284,Validator,2.52
2285,Validator,0.24
2286,Validator,0.28
2287,Validator,1.82
2288,Validator,0.50
2289,Validator,0.65
2290,Validator,2.22
2291,Validator,3.41
2292,Validator,0.25
2293,Validator,5.74
2294,Validator,1.40
2295,Validator,3.54
2296,Validator,1.39
2297,Validator,4.09
2298,Validator,0.72
2299,Validator,3.03
2300,Validator,2.04
2301,Validator,0.49
2302,Validator,1.09
2303,Validator,3.36
2304,Validator,0.03
2305,Validator,0.34
2306,Validator,1.07
2307,Validator,0.03
2308,Validator,0.27
2309,Validator,1.19
2310,Validator,0.08
2311,Validator,0.16
2312,Validator,1.15
2313,Validator,0.25
2314,Validator,4.13
2315,Validator,1.38
2316,Validator,4.54
2317,Validator,0.24
2318,Validator,5.90
2319,Validator,0.63
2320,Validator,2.80
2321,Validator,1.83
2322,Validator,4.37
2323,Validator,0.72
2324,Validator,0.89
2325,Validator,2.83
2326,Validator,0.14
2327,Validator,1.15
2328,Validator,0.78
2329,Validator,0.07
2330,Validator,0.73
2331,Validator,1.95
2332,Validator,0.31
2333,Validator,1.00
2334,Validator,1.43
2335,Validator,0.31
2336,Validator,0.98
2337,Validator,4.98
2338,Validator,0.11
2339,Validator,5.27
2340,Validator,0.83
2341,Validator,4.34
2342,Validator,0.18
2343,Validator,4.29
2344,Validator,0.97
2345,Validator,3.91
2346,Validator,1.29
2347,Validator,2.60
2348,Validator,1.19
2349,Validator,1.55
2350,Validator,1.36
2351,Validator,0.23
2352,Validator,1.03
2353,Validator,0.37
2354,Validator,0.20
2355,Validator,1.30
2356,Validator,0.91
2357,Validator,0.36
2358,Validator,0.92
2359,Validator,0.48
2360,Validator,5.29
2361,Validator,0.96
2362,Validator,4.93
2363,Validator,0.19
2364,Validator,4.78
2365,Validator,1.64
2366,Validator,1.96
2367,Validator,2.14
2368,Validator,4.99
2369,Validator,1.03
2370,Validator,3.35
2371,Validator,3.14
2372,Validator,0.04
2373,Validator,1.44
2374,Validator,0.83
2375,Validator,0.69
2376,Validator,0.71
2377,Validator,1.77
2378,Validator,0.09
2379,Validator,0.59
2380,Validator,2.84
2381,Validator,0.57
2382,Validator,0.28
2383,Validator,0.97
2384,Validator,0.53
2385,Validator,0.02
2386,Validator,1.44
2387,Validator,2.59
2388,Validator,0.53
2389,Validator,6.54
2390,Validator,1.13
2391,Validator,4.50
2392,Validator,0.95
2393,Validator,6.12
2394,Validator,0.65
2395,Validator,4.18
2396,Validator,1.17
2397,Validator,6.24
2398,Validator,2.01
2399,Validator,1.92
2400,Validator,0.12
2401,Validator,0.41
2402,Validator,2.80
2403,Validator,0.17
2404,Validator,1.23
2405,Validator,1.10
2406,Validator,0.17
2407,Validator,0.44
2408,Validator,1.42
2409,Validator,0.27
2410,Validator,0.46
2411,Validator,1.35
2412,Validator,1.00
2413,Validator,0.89
2414,Validator,3.95
2415,Validator,1.12
2416,Validator,5.20
2417,Validator,1.97
2418,Validator,4.11
2419,Validator,0.08
2420,Validator,6.56
2421,Validator,0.53
2422,Validator,3.96
2423,Validator,1.24
2424,Validator,1.91
2425,Validator,0.16
2426,Validator,1.74
2427,Validator,0.91
2428,Validator,0.10
2429,Validator,1.35
2430,Validator,0.62
2431,Validator,0.24
2432,Validator,2.25
2433,Validator,1.35
2434,Validator,0.91
2435,Validator,3.76
2436,Validator,3.50
2437,Validator,1.63
2438,Validator,0.23
2439,Validator,6.68
2440,Validator,0.37
2441,Validator,3.64
2442,Validator,1.50
2443,Validator,5.09
2444,Validator,0.74
2445,Validator,5.36
2446,Validator,0.26
2447,Validator,2.78
2448,Validator,1.21
2449,Validator,0.44
2450,Validator,0.37
2451,Validator,11.67
2452,Validator,1.67
2453,Validator,0.93
2454,Validator,1.42
2455,Validator,1.84
2456,Validator,0.21
2457,Validator,1.47
2458,Validator,0.43
2459,Validator,0.03
2460,Validator,1.55
2461,Validator,1.64
2462,Validator,3.30
2463,Validator,1.09
2464,Validator,5.06
2465,Validator,0.21
2466,Validator,5.01
2467,Validator,1.15
2468,Validator,3.44
2469,Validator,1.81
2470,Validator,1.06
2471,Validator,0.49
2472,Validator,1.63
2473,Validator,2.23
2474,Validator,0.09
2475,Validator,2.75
2476,Validator,1.43
2477,Validator,0.16
2478,Validator,0.62
2479,Validator,1.14
2480,Validator,0.48
2481,Validator,1.77
2482,Validator,1.21
2483,Validator,4.02
2484,Validator,1.80
2485,Validator,5.33
2486,Validator,1.21
2487,Validator,3.08
2488,Validator,3.04
2489,Validator,3.41
2490,Validator,0.51
2491,Validator,0.48
2492,Validator,0.15
2493,Validator,0.13
2494,Validator,1.78
2495,Validator,0.17
2496,Validator,0.11
2497,Validator,1.16
2498,Validator,0.11
2499,Validator,0.98
2500,Validator,2.64
2501,Validator,0.99
2502,Validator,0.22
2503,Validator,0.79
2504,Validator,3.66
2505,Validator,1.06
2506,Validator,3.53
2507,Validator,1.33
2508,Validator,2.73
2509,Validator,1.31
2510,Validator,3.37
2511,Validator,0.23
2512,Validator,4.36
2513,Validator,2.48
2514,Validator,0.27
2515,Validator,1.66
2516,Validator,1.33
2517,Validator,0.16
2518,Validator,0.50
2519,Validator,2.06
2520,Validator,0.22
2521,Validator,0.84
2522,Validator,2.30
2523,Validator,0.18
2524,Validator,0.74
2525,Validator,2.15
2526,Validator,0.99
2527,Validator,0.19
2528,Validator,1.49
2529,Validator,4.77
2530,Validator,0.89
2531,Validator,5.50
2532,Validator,1.08
2533,Validator,2.99
2534,Validator,2.91
2535,Validator,4.16
2536,Validator,0.43
2537,Validator,0.82
2538,Validator,1.79
2539,Validator,0.19
2540,Validator,0.82
2541,Validator,3.66
2542,Validator,0.19
2543,Validator,1.28
2544,Validator,1.82
2545,Validator,0.07
2546,Validator,0.80
2547,Validator,2.11
2548,Validator,0.42
2549,Validator,0.44
2550,Validator,7.20
2551,Validator,0.98
2552,Validator,3.34
2553,Validator,1.33
2554,Validator,3.11
2555,Validator,0.93
2556,Validator,3.65
2557,Validator,0.31
2558,Validator,1.96
2559,Validator,1.06
2560,Validator,0.69
2561,Validator,0.01
2562,Validator,2.50
2563,Validator,0.53
2564,Validator,0.04
2565,Validator,1.83
2566,Validator,1.39
2567,Validator,0.12
2568,Validator,0.24
2569,Validator,1.18
2570,Validator,0.40
2571,Validator,2.05
2572,Validator,0.99
2573,Validator,4.05
2574,Validator,0.67
2575,Validator,5.73
2576,Validator,1.09
2577,Validator,4.03
2578,Validator,1.54
2579,Validator,4.86
2580,Validator,1.08
2581,Validator,3.34
2582,Validator,0.71
2583,Validator,0.09
2584,Validator,1.42
2585,Validator,1.87
2586,Validator,0.07
2587,Validator,13.22
2588,Validator,0.76
2589,Validator,0.16
2590,Validator,1.09
2591,Validator,1.29
2592,Validator,0.10
2593,Validator,0.55
2594,Validator,2.38
2595,Validator,0.18
2596,Validator,1.82
2597,Validator,1.30
2598,Validator,5.00
2599,Validator,1.34
2600,Validator,4.49
2601,Validator,0.92
2602,Validator,2.85
2603,Validator,2.82
2604,Validator,2.93
2605,Validator,0.16
2606,Validator,4.18
2607,Validator,1.33
2608,Validator,0.09
2609,Validator,2.04
2610,Validator,1.69
2611,Validator,0.13
2612,Validator,1.00
2613,Validator,1.89
2614,Validator,0.15
2615,Validator,0.59
2616,Validator,1.52
2617,Validator,0.07
2618,Validator,1.04
2619,Validator,1.14
2620,Validator,0.90
2621,Validator,1.96
2622,Validator,2.04
2623,Validator,2.47
2624,Validator,0.33
2625,Validator,4.29
2626,Validator,0.39
2627,Validator,3.97
2628,Validator,2.14
2629,Validator,2.70
2630,Validator,0.48
2631,Validator,2.18
2632,Validator,4.15
2633,Validator,0.21
2634,Validator,2.26
2635,Validator,1.23
2636,Validator,0.09
2637,Validator,2.09
2638,Validator,1.31
2639,Validator,0.81
2640,Validator,0.42
2641,Validator,2.92
2642,Validator,0.08
2643,Validator,0.93
2644,Validator,1.33
2645,Validator,0.93
2646,Validator,0.18
2647,Validator,3.37
2648,Validator,4.22
2649,Validator,0.20
2650,Validator,4.62
2651,Validator,0.74
2652,Validator,3.02
2653,Validator,1.14
2654,Validator,3.89
2655,Validator,0.25
2656,Validator,1.89
2657,Validator,0.28
2658,Validator,0.81
2659,Validator,1.55
2660,Validator,1.80
2661,Validator,0.23
2662,Validator,1.26
2663,Validator,1.52
2664,Validator,1.37
2665,Validator,1.30
2666,Validator,1.19
2667,Validator,1.58
2668,Validator,1.13
2669,Validator,7.44
2670,Validator,0.27
2671,Validator,3.94
2672,Validator,1.52
2673,Validator,4.34
2674,Validator,0.40
2675,Validator,3.95
2676,Validator,0.20
2677,Validator,1.07
2678,Validator,1.68
2679,Validator,0.42
2680,Validator,1.27
2681,Validator,1.49
2682,Validator,0.21
2683,Validator,1.18
2684,Validator,1.44
2685,Validator,0.88
2686,Validator,0.56
2687,Validator,2.88
2688,Validator,5.16
2689,Validator,0.12
2690,Validator,5.02
2691,Validator,0.24
2692,Validator,3.67
2693,Validator,1.05
2694,Validator,6.25
2695,Validator,0.25
2696,Validator,4.44
2697,Validator,0.66
2698,Validator,0.23
2699,Validator,0.83
2700,Validator,1.71
2701,Validator,0.18
2702,Validator,1.13
2703,Validator,1.10
2704,Validator,1.32
2705,Validator,1.50
2706,Validator,1.34
2707,Validator,0.37
2708,Validator,0.92
2709,Validator,1.23
2710,Validator,0.62
2711,Validator,5.06
2712,Validator,1.37
2713,Validator,4.08
2714,Validator,2.78
2715,Validator,3.39
2716,Validator,0.28
2717,Validator,3.01
2718,Validator,1.29
2719,Validator,0.44
2720,Validator,0.46
2721,Validator,0.70
2722,Validator,0.09
2723,Validator,0.25
2724,Validator,15.49
2725,Validator,0.52
2726,Validator,0.42
2727,Validator,1.66
2728,Validator,0.88
2729,Validator,0.81
2730,Validator,1.44
2731,Validator,1.12
2732,Validator,5.06
2733,Validator,2.74
2734,Validator,4.49
2735,Validator,0.31
2736,Validator,3.79
2737,Validator,0.94
2738,Validator,7.05
2739,Validator,2.53
2740,Validator,3.40
2741,Validator,0.24
2742,Validator,2.67
2743,Validator,2.27
2744,Validator,0.06
2745,Validator,2.40
2746,Validator,1.12
2747,Validator,0.46
2748,Validator,0.50
2749,Validator,0.92
2750,Validator,0.27
2751,Validator,1.13
2752,Validator,2.13
2753,Validator,0.11
2754,Validator,1.06
2755,Validator,5.79
2756,Validator,0.85
2757,Validator,3.30
2758,Validator,2.39
2759,Validator,3.78
2760,Validator,1.24
2761,Validator,5.20
2762,Validator,0.44
2763,Validator,3.33
2764,Validator,2.32
2765,Validator,0.58
2766,Validator,0.71
2767,Validator,1.48
2768,Validator,1.76
2769,Validator,0.04
2770,Validator,1.28
2771,Validator,0.17
2772,Validator,0.46
2773,Validator,1.25
2774,Validator,0.89
2775,Validator,0.10
2776,Validator,5.43
2777,Validator,1.20
2778,Validator,2.56
2779,Validator,1.93
2780,Validator,3.44
2781,Validator,1.00
2782,Validator,4.83
2783,Validator,1.75
2784,Validator,0.24
2785,Validator,1.71
2786,Validator,1.47
2787,Validator,0.27
2788,Validator,0.69
2789,Validator,0.92
2790,Validator,0.13
2791,Validator,1.21
2792,Validator,0.93
2793,Validator,0.13
2794,Validator,0.81
2795,Validator,1.75
2796,Validator,0.47
2797,Validator,5.17
2798,Validator,1.03
2799,Validator,2.53
2800,Validator,1.30
2801,Validator,4.68
2802,Validator,0.77
2803,Validator,4.62
2804,Validator,1.43
2805,Validator,0.21
2806,Validator,1.77
2807,Validator,2.57
2808,Validator,0.43
2809,Validator,0.74
2810,Validator,1.56
2811,Validator,0.32
2812,Validator,0.11
2813,Validator,1.61
2814,Validator,0.09
2815,Validator,0.15
2816,Validator,1.82
2817,Validator,0.38
2818,Validator,2.15
2819,Validator,0.57
2820,Validator,5.08
2821,Validator,0.36
2822,Validator,4.18
2823,Validator,0.52
2824,Validator,3.70
2825,Validator,1.59
2826,Validator,3.29
2827,Validator,0.77
2828,Validator,1.86
2829,Validator,1.64
2830,Validator,1.25
2831,Validator,0.42
2832,Validator,1.01
2833,Validator,0.03
2834,Validator,0.27
2835,Validator,0.68
2836,Validator,0.19
2837,Validator,0.34
2838,Validator,1.58
2839,Validator,0.06
2840,Validator,0.43
2841,Validator,7.18
2842,Validator,0.07
2843,Validator,6.85
2844,Validator,1.99
2845,Validator,3.18
2846,Validator,1.15
2847,Validator,6.25
2848,Validator,1.38
2849,Validator,3.13
2850,Validator,1.85
2851,Validator,0.50
2852,Validator,0.75
2853,Validator,1.14
2854,Validator,0.88
2855,Validator,0.07
2856,Validator,1.65
2857,Validator,1.07
2858,Validator,0.19
2859,Validator,0.69
2860,Validator,14.25
2861,Validator,0.32
2862,Validator,0.65
2863,Validator,1.52
2864,Validator,2.97
2865,Validator,0.37
2866,Validator,3.44
2867,Validator,0.18
2868,Validator,5.30
2869,Validator,1.20
2870,Validator,4.92
2871,Validator,1.33
2872,Validator,1.33
2873,Validator,0.77
2874,Validator,0.62
2875,Validator,1.46
2876,Validator,0.03
2877,Validator,0.46
2878,Validator,0.89
2879,Validator,1.01
2880,Validator,0.80
2881,Validator,2.46
2882,Validator,0.03
2883,Validator,0.54
2884,Validator,1.09
2885,Validator,3.37
2886,Validator,0.53
2887,Validator,4.96
2888,Validator,0.16
2889,Validator,4.14
2890,Validator,0.45
2891,Validator,0.83
2892,Validator,0.34
2893,Validator,1.49
2894,Validator,0.41
2895,Validator,0.26
2896,Validator,1.70
2897,Validator,0.19
2898,Validator,0.97
2899,Validator,1.56
2900,Validator,0.78
2901,Validator,0.45
2902,Validator,2.05
2903,Validator,0.23
2904,Validator,3.30
2905,Validator,15.77
2906,Validator,3.67
2907,Validator,0.08
2908,Validator,4.18
2909,Validator,0.68
2910,Validator,4.41
2911,Validator,1.96
2912,Validator,2.81
2913,Validator,0.36
2914,Validator,1.18
2915,Validator,1.21
2916,Validator,0.12
2917,Validator,1.20
2918,Validator,3.66
2919,Validator,0.09
2920,Validator,1.57
2921,Validator,1.02
2922,Validator,0.16
2923,Validator,1.14
2924,Validator,1.67
2925,Validator,2.40
2926,Validator,0.46
2927,Validator,4.17
2928,Validator,0.59
2929,Validator,3.41
2930,Validator,3.06
2931,Validator,4.78
2932,Validator,0.11
2933,Validator,4.71
2934,Validator,0.13
2935,Validator,0.57
2936,Validator,0.53
2937,Validator,0.15
2938,Validator,0.07
2939,Validator,2.20
2940,Validator,0.25
2941,Validator,0.55
2942,Validator,1.08
2943,Validator,1.05
2944,Validator,0.05
2945,Validator,2.47
2946,Validator,0.40
2947,Validator,0.82
2948,Validator,4.83
2949,Validator,2.13
2950,Validator,3.11
2951,Validator,1.59
2952,Validator,3.34
2953,Validator,0.12
2954,Validator,6.36
2955,Validator,0.74
2956,Validator,0.82
2957,Validator,1.19
2958,Validator,2.12
2959,Validator,0.28
2960,Validator,2.49
2961,Validator,1.37
2962,Validator,0.43
2963,Validator,0.95
2964,Validator,2.43
2965,Validator,0.12
2966,Validator,1.02
2967,Validator,1.51
2968,Validator,0.37
2969,Validator,0.58
2970,Validator,1.63
2971,Validator,4.86
2972,Validator,1.14
2973,Validator,4.31
2974,Validator,0.31
2975,Validator,4.07
2976,Validator,2.37
2977,Validator,4.94
2978,Validator,0.11
2979,Validator,4.51
2980,Validator,0.74
2981,Validator,0.07
2982,Validator,2.11
2983,Validator,1.05
2984,Validator,0.49
2985,Validator,2.29
2986,Validator,0.50
2987,Validator,0.29
2988,Validator,0.89
2989,Validator,1.51
2990,Validator,0.04
2991,Validator,0.68
2992,Validator,1.38
2993,Validator,0.24
2994,Validator,4.69
2995,Validator,1.67
2996,Validator,7.42
2997,Validator,1.08
2998,Validator,6.28
2999,Validator,0.18
3000,Validator,5.71
3001,Validator,2.14
3002,Validator,0.15
3003,Validator,1.21
3004,Validator,0.87
3005,Validator,0.04
3006,Validator,0.64
3007,Validator,1.28
3008,Validator,0.23
3009,Validator,1.05
3010,Validator,2.24
3011,Validator,0.49
3012,Validator,0.84
3013,Validator,1.68
3014,Validator,0.24
3015,Validator,4.92
3016,Validator,1.73
3017,Validator,3.15
3018,Validator,0.42
3019,Validator,4.01
3020,Validator,0.56
3021,Validator,4.12
3022,Validator,1.27
3023,Validator,0.09
3024,Validator,0.58
3025,Validator,1.24
3026,Validator,1.76
3027,Validator,0.73
3028,Validator,4.08
3029,Validator,1.39
3030,Validator,0.14
3031,Validator,1.11
3032,Validator,0.60
3033,Validator,0.11
3034,Validator,0.79
3035,Validator,2.78
3036,Validator,1.03
3037,Validator,0.34
3038,Validator,5.10
3039,Validator,0.05
3040,Validator,3.97
3041,Validator,1.10
3042,Validator,6.06
3043,Validator,1.31
3044,Validator,5.25
3045,Validator,0.36
3046,Validator,0.44
3047,Validator,3.32
3048,Validator,0.55
3049,Validator,0.44
3050,Validator,1.95
3051,Validator,0.56
3052,Validator,0.32
3053,Validator,0.95
3054,Validator,0.18
3055,Validator,0.14
3056,Validator,1.82
3057,Validator,0.19
3058,Validator,0.36
3059,Validator,5.32
3060,Validator,0.80
3061,Validator,4.31
3062,Validator,2.85
3063,Validator,4.42
3064,Validator,0.48
3065,Validator,3.89
3066,Validator,0.78
3067,Validator,0.51
3068,Validator,2.48
3069,Validator,1.48
3070,Validator,0.58
3071,Validator,0.70
3072,Validator,0.38
3073,Validator,0.13
3074,Validator,0.41
3075,Validator,2.32
3076,Validator,0.19
3077,Validator,1.41
3078,Validator,0.32
3079,Validator,0.29
3080,Validator,0.85
3081,Validator,1.55
3082,Validator,4.00
3083,Validator,0.29
3084,Validator,5.68
3085,Validator,0.52
3086,Validator,4.29
3087,Validator,1.61
3088,Validator,3.82
3089,Validator,0.37
3090,Validator,4.13
3091,Validator,0.51
3092,Validator,0.04
3093,Validator,1.33
3094,Validator,1.62
3095,Validator,0.06
3096,Validator,3.35
3097,Validator,0.28
3098,Validator,0.54
3099,Validator,1.94
3100,Validator,1.66
3101,Validator,1.12
3102,Validator,1.44
3103,Validator,1.11
3104,Validator,0.23
3105,Validator,4.19
3106,Validator,1.03
3107,Validator,3.13
3108,Validator,1.86
3109,Validator,4.92
3110,Validator,0.15
3111,Validator,4.95
3112,Validator,1.58
3113,Validator,0.18
3114,Validator,0.83
3115,Validator,0.70
3116,Validator,0.06
3117,Validator,0.62
3118,Validator,1.58
3119,Validator,0.01
3120,Validator,0.22
3121,Validator,2.11
3122,Validator,0.14
3123,Validator,0.82
3124,Validator,0.72
3125,Validator,0.17
3126,Validator,2.37
3127,Validator,1.73
3128,Validator,4.90
3129,Validator,0.06
3130,Validator,4.22
3131,Validator,0.29
3132,Validator,9.95
3133,Validator,2.84
3134,Validator,2.82
3135,Validator,0.15
3136,Validator,2.29
3137,Validator,0.53
3138,Validator,0.16
3139,Validator,1.63
3140,Validator,0.79
3141,Validator,0.07
3142,Validator,0.49
3143,Validator,0.83
3144,Validator,0.21
3145,Validator,0.80
3146,Validator,1.88
3147,Validator,1.68
3148,Validator,0.66
3149,Validator,3.53
3150,Validator,0.30
3151,Validator,4.64
3152,Validator,1.90
3153,Validator,4.30
3154,Validator,0.70
3155,Validator,7.74
3156,Validator,0.39
3157,Validator,0.74
3158,Validator,1.51
3159,Validator,0.15
3160,Validator,0.76
3161,Validator,2.47
3162,Validator,0.81
3163,Validator,0.42
3164,Validator,2.08
3165,Validator,0.21
3166,Validator,0.23
3167,Validator,1.09
3168,Validator,0.27
3169,Validator,0.27
3170,Validator,5.37
3171,Validator,0.20
3172,Validator,4.13
3173,Validator,0.79
3174,Validator,5.03
3175,Validator,0.46
3176,Validator,5.91
3177,Validator,1.76
3178,Validator,3.22
3179,Validator,2.49
3180,Validator,1.80
3181,Validator,0.18
3182,Validator,1.42
3183,Validator,1.19
3184,Validator,0.27
3185,Validator,1.10
3186,Validator,2.57
3187,Validator,0.14
3188,Validator,1.52
3189,Validator,1.13
3190,Validator,0.08
3191,Validator,0.24
3192,Validator,1.53
3193,Validator,4.16
3194,Validator,0.34
3195,Validator,3.61
3196,Validator,1.47
3197,Validator,3.74
3198,Validator,1.08
3199,Validator,6.24
3200,Validator,0.38
3201,Validator,5.16
3202,Validator,0.76
3203,Validator,0.52
3204,Validator,1.85
3205,Validator,1.96
3206,Validator,0.19
3207,Validator,2.01
3208,Validator,1.53
3209,Validator,0.22
3210,Validator,0.20
3211,Validator,2.02
3212,Validator,0.06
3213,Validator,0.98
3214,Validator,1.28
3215,Validator,0.99
3216,Validator,3.48
3217,Validator,2.60
3218,Validator,3.99
3219,Validator,0.88
3220,Validator,3.53
3221,Validator,0.54
3222,Validator,4.84
3223,Validator,9.27
3224,Validator,0.71
3225,Validator,0.25
3226,Validator,1.49
3227,Validator,0.13
3228,Validator,0.92
3229,Validator,2.00
3230,Validator,1.12
3231,Validator,0.38
3232,Validator,2.98
3233,Validator,0.79
3234,Validator,0.87
3235,Validator,0.79
3236,Validator,2.14
3237,Validator,2.55
3238,Validator,2.21
3239,Validator,4.82
3240,Validator,0.26
3241,Validator,4.21
3242,Validator,1.56
3243,Validator,4.14
3244,Validator,0.83
3245,Validator,4.41
3246,Validator,0.21
3247,Validator,0.35
3248,Validator,1.59
3249,Validator,0.65
3250,Validator,0.41
3251,Validator,2.21
3252,Validator,0.79
3253,Validator,0.51
3254,Validator,1.55
3255,Validator,1.25
3256,Validator,0.04
3257,Validator,1.09
3258,Validator,1.18
3259,Validator,0.47
3260,Validator,1.07
3261,Validator,0.60
3262,Validator,2.73
3263,Validator,0.57
3264,Validator,4.89
3265,Validator,0.03
3266,Validator,4.26
3267,Validator,0.83
3268,Validator,4.50
3269,Validator,0.37
3270,Validator,5.36
3271,Validator,0.15
3272,Validator,0.54
3273,Validator,1.94
3274,Validator,0.31
3275,Validator,0.31
3276,Validator,1.18
3277,Validator,0.05
3278,Validator,0.07
3279,Validator,0.81
3280,Validator,0.13
3281,Validator,0.26
3282,Validator,1.98
3283,Validator,1.58
3284,Validator,0.17
3285,Validator,4.47
3286,Validator,0.92
3287,Validator,4.71
3288,Validator,1.00
3289,Validator,7.26
3290,Validator,0.12
3291,Validator,5.27
3292,Validator,0.83
3293,Validator,2.59
3294,Validator,1.26
3295,Validator,1.10
3296,Validator,0.11
3297,Validator,0.35
3298,Validator,1.58
3299,Validator,0.52
3300,Validator,0.47
3301,Validator,2.66
3302,Validator,0.90
3303,Validator,0.26
3304,Validator,1.83
3305,Validator,0.09
3306,Validator,0.45
3307,Validator,2.55
3308,Validator,3.74
3309,Validator,0.09
3310,Validator,4.72
3311,Validator,0.52
3312,Validator,3.41
3313,Validator,0.73
3314,Validator,5.83
3315,Validator,0.80
3316,Validator,1.54
3317,Validator,0.56
3318,Validator,0.22
3319,Validator,0.69
3320,Validator,0.32
3321,Validator,0.22
3322,Validator,1.94
3323,Validator,1.27
3324,Validator,0.16
3325,Validator,1.09
3326,Validator,2.61
3327,Validator,0.61
3328,Validator,1.52
3329,Validator,4.19
3330,Validator,0.24
3331,Validator,5.00
3332,Validator,1.34
3333,Validator,3.86
3334,Validator,0.47
3335,Validator,4.49
3336,Validator,0.21
3337,Validator,0.44
3338,Validator,0.61
3339,Validator,0.28
3340,Validator,0.73
3341,Validator,0.76
3342,Validator,0.83
3343,Validator,0.63
3344,Validator,1.14
3345,Validator,0.12
3346,Validator,1.15
3347,Validator,2.07
3348,Validator,0.29
3349,Validator,0.85
3350,Validator,4.30
3351,Validator,0.80
3352,Validator,4.41
3353,Validator,1.95
3354,Validator,4.32
3355,Validator,0.12
3356,Validator,5.75
3357,Validator,1.09
3358,Validator,4.07
3359,Validator,12.43
3360,Validator,2.86
3361,Validator,0.83
3362,Validator,2.80
3363,Validator,1.98
3364,Validator,0.02
3365,Validator,2.01
3366,Validator,0.89
3367,Validator,0.71
3368,Validator,0.81
3369,Validator,1.80
3370,Validator,0.41
3371,Validator,1.05
3372,Validator,2.55
3373,Validator,5.57
3374,Validator,0.82
3375,Validator,4.61
3376,Validator,0.24
3377,Validator,5.45
3378,Validator,0.98
3379,Validator,4.73
3380,Validator,0.39
3381,Validator,1.07
3382,Validator,0.18
3383,Validator,1.56
3384,Validator,0.68
3385,Validator,0.33
3386,Validator,1.07
3387,Validator,1.96
3388,Validator,0.99
3389,Validator,0.36
3390,Validator,1.73
3391,Validator,0.32
3392,Validator,0.08
3393,Validator,0.81
3394,Validator,3.95
3395,Validator,0.16
3396,Validator,5.41
3397,Validator,0.22
3398,Validator,4.22
3399,Validator,0.85
3400,Validator,5.55
3401,Validator,0.02
3402,Validator,5.96
3403,Validator,1.04
3404,Validator,0.18
3405,Validator,0.74
3406,Validator,0.61
3407,Validator,0.21
3408,Validator,1.12
3409,Validator,1.16
3410,Validator,0.18
3411,Validator,1.45
3412,Validator,1.22
3413,Validator,0.67
3414,Validator,1.09
3415,Validator,1.57
3416,Validator,0.04
3417,Validator,4.72
3418,Validator,1.99
3419,Validator,5.01
3420,Validator,0.50
3421,Validator,4.15
3422,Validator,0.18
3423,Validator,3.74
3424,Validator,1.55
3425,Validator,0.32
3426,Validator,0.45
3427,Validator,2.81
3428,Validator,0.10
3429,Validator,0.30
3430,Validator,1.65
3431,Validator,0.44
3432,Validator,0.88
3433,Validator,1.52
3434,Validator,1.07
3435,Validator,0.13
3436,Validator,1.47
3437,Validator,1.30
3438,Validator,1.51
3439,Validator,0.82
3440,Validator,3.40
3441,Validator,0.05
3442,Validator,3.99
3443,Validator,1.37
3444,Validator,4.14
3445,Validator,0.53
3446,Validator,5.23
3447,Validator,0.22
3448,Validator,3.40
3449,Validator,1.21
3450,Validator,0.12
3451,Validator,0.46
3452,Validator,0.57
3453,Validator,0.33
3454,Validator,0.56
3455,Validator,1.06
3456,Validator,0.35
3457,Validator,0.99
3458,Validator,0.99
3459,Validator,0.99
3460,Validator,0.27
3461,Validator,1.85
3462,Validator,0.53
3463,Validator,4.30
3464,Validator,1.79
3465,Validator,5.46
3466,Validator,0.38
3467,Validator,3.83
3468,Validator,0.70
3469,Validator,3.85
3470,Validator,1.80
3471,Validator,0.74
3472,Validator,0.46
3473,Validator,2.53
3474,Validator,0.38
3475,Validator,0.20
3476,Validator,0.82
3477,Validator,2.34
3478,Validator,1.24
3479,Validator,0.18
3480,Validator,1.29
3481,Validator,0.06
3482,Validator,0.92
3483,Validator,1.63
3484,Validator,3.24
3485,Validator,1.95
3486,Validator,5.69
3487,Validator,0.69
3488,Validator,6.01
3489,Validator,2.05
3490,Validator,4.58
3491,Validator,0.70
3492,Validator,4.43
3493,Validator,0.20
3494,Validator,0.27
3495,Validator,1.45
3496,Validator,0.23
3497,Validator,0.14
3498,Validator,1.98
3499,Validator,0.19
3500,Validator,0.97
3501,Validator,1.34
3502,Validator,0.46
3503,Validator,0.96
3504,Validator,0.75
3505,Validator,1.12
3506,Validator,0.29
3507,Validator,4.25
3508,Validator,0.40
3509,Validator,5.03
3510,Validator,1.06
3511,Validator,4.65
3512,Validator,0.32
3513,Validator,4.67
3514,Validator,0.86
3515,Validator,3.07
3516,Validator,0.49
3517,Validator,1.96
3518,Validator,0.05
3519,Validator,2.03
3520,Validator,1.06
3521,Validator,0.50
3522,Validator,0.91
3523,Validator,2.36
3524,Validator,0.95
3525,Validator,0.60
3526,Validator,3.56
3527,Validator,0.20
3528,Validator,0.25
3529,Validator,2.06
3530,Validator,5.32
3531,Validator,0.21
3532,Validator,5.04
3533,Validator,0.83
3534,Validator,4.84
3535,Validator,1.03
3536,Validator,5.22
3537,Validator,1.20
3538,Validator,6.36
3539,Validator,1.02
3540,Validator,2.45
3541,Validator,6.75
3542,Validator,1.03
3543,Validator,0.87
3544,Validator,1.05
3545,Validator,1.21
3546,Validator,0.51
3547,Validator,0.55
3548,Validator,1.01
3549,Validator,0.21
3550,Validator,0.30
3551,Validator,1.36
3552,Validator,0.14
3553,Validator,0.27
3554,Validator,1.31
3555,Validator,1.90
3556,Validator,0.61
3557,Validator,6.79
3558,Validator,0.96
3559,Validator,4.49
3560,Validator,1.36
3561,Validator,4.82
3562,Validator,0.59
3563,Validator,4.80
3564,Validator,0.83
3565,Validator,1.26
3566,Validator,1.63
3567,Validator,1.63
3568,Validator,0.96
3569,Validator,1.80
3570,Validator,1.57
3571,Validator,0.32
3572,Validator,0.93
3573,Validator,2.47
3574,Validator,0.51
3575,Validator,0.35
3576,Validator,1.99
3577,Validator,0.32
3578,Validator,0.63
3579,Validator,0.60
3580,Validator,3.49
3581,Validator,0.17
3582,Validator,6.68
3583,Validator,0.17
3584,Validator,3.06
3585,Validator,1.92
3586,Validator,2.94
3587,Validator,0.88
3588,Validator,4.51
3589,Validator,1.05
3590,Validator,0.04
3591,Validator,2.77
3592,Validator,1.67
3593,Validator,0.27
3594,Validator,0.46
3595,Validator,1.64
3596,Validator,0.04
3597,Validator,1.44
3598,Validator,2.28
3599,Validator,0.09
3600,Validator,1.09
3601,Validator,2.04
3602,Validator,0.09
3603,Validator,0.81
3604,Validator,0.73
3605,Validator,4.13
3606,Validator,1.28
3607,Validator,6.98
3608,Validator,0.75
3609,Validator,5.13
3610,Validator,2.48
3611,Validator,3.92
3612,Validator,1.30
3613,Validator,4.62
3614,Validator,0.04
3615,Validator,0.54
3616,Validator,1.92
3617,Validator,0.13
3618,Validator,0.20
3619,Validator,0.59
3620,Validator,0.34
3621,Validator,0.20
3622,Validator,1.96
3623,Validator,0.90
3624,Validator,0.31
3625,Validator,1.84
3626,Validator,0.47
3627,Validator,0.44
3628,Validator,2.65
3629,Validator,1.70
3630,Validator,4.78
3631,Validator,1.20
3632,Validator,20.78
3633,Validator,0.85
3634,Validator,5.02
3635,Validator,1.78
3636,Validator,3.62
3637,Validator,1.44
3638,Validator,4.04
3639,Validator,0.14
3640,Validator,0.70
3641,Validator,1.92
3642,Validator,0.43
3643,Validator,0.13
3644,Validator,3.40
3645,Validator,0.25
3646,Validator,0.14
3647,Validator,1.16
3648,Validator,0.30
3649,Validator,0.05
3650,Validator,0.56
3651,Validator,0.97
3652,Validator,0.29
3653,Validator,2.99
3654,Validator,0.52
3655,Validator,5.69
3656,Validator,1.33
3657,Validator,5.98
3658,Validator,0.81
3659,Validator,6.10
3660,Validator,1.55
3661,Validator,4.68
3662,Validator,1.09
3663,Validator,3.71
3664,Validator,0.05
3665,Validator,0.34
3666,Validator,0.95
3667,Validator,0.15
3668,Validator,0.33
3669,Validator,2.28
3670,Validator,0.41
3671,Validator,0.07
3672,Validator,0.94
3673,Validator,0.43
3674,Validator,0.34
3675,Validator,0.50
3676,Validator,1.18
3677,Validator,0.21
3678,Validator,3.74
3679,Validator,1.14
3680,Validator,5.32
3681,Validator,1.87
3682,Validator,5.35
3683,Validator,0.96
3684,Validator,4.68
3685,Validator,1.83
3686,Validator,5.09
3687,Validator,0.55
3688,Validator,3.79
3689,Validator,0.12
3690,Validator,0.17
3691,Validator,1.84
3692,Validator,0.34
3693,Validator,0.18
3694,Validator,1.19
3695,Validator,0.33
3696,Validator,0.18
3697,Validator,2.47
3698,Validator,1.72
3699,Validator,0.22
3700,Validator,1.11
3701,Validator,1.52
3702,Validator,0.82
3703,Validator,4.97
3704,Validator,1.82
3705,Validator,4.23
3706,Validator,1.10
3707,Validator,4.70
3708,Validator,0.65
3709,Validator,4.02
3710,Validator,2.70
3711,Validator,3.82
3712,Validator,0.34
3713,Validator,0.73
3714,Validator,1.09
3715,Validator,0.60
3716,Validator,2.92
3717,Validator,0.36
3718,Validator,0.57
3719,Validator,1.72
3720,Validator,1.83
3721,Validator,0.42
3722,Validator,2.72
3723,Validator,6.01
3724,Validator,0.03
3725,Validator,1.12
3726,Validator,5.09
3727,Validator,0.64
3728,Validator,6.44
3729,Validator,1.21
3730,Validator,4.15
3731,Validator,1.83
3732,Validator,4.42
3733,Validator,0.71
3734,Validator,3.47
3735,Validator,0.96
3736,Validator,0.02
3737,Validator,0.69
3738,Validator,0.54
3739,Validator,0.52
3740,Validator,0.60
3741,Validator,1.90
3742,Validator,1.02
3743,Validator,1.29
3744,Validator,1.32
3745,Validator,0.13
3746,Validator,0.90
3747,Validator,1.22
3748,Validator,1.09
3749,Validator,2.14
3750,Validator,0.99
3751,Validator,3.84
3752,Validator,0.18
3753,Validator,5.84
3754,Validator,2.09
3755,Validator,3.29
3756,Validator,0.89
3757,Validator,3.85
3758,Validator,0.54
3759,Validator,1.08
3760,Validator,1.10
3761,Validator,0.41
3762,Validator,1.52
3763,Validator,1.36
3764,Validator,0.26
3765,Validator,1.33
3766,Validator,0.68
3767,Validator,0.95
3768,Validator,0.60
3769,Validator,2.73
3770,Validator,0.42
3771,Validator,0.66
3772,Validator,1.92
3773,Validator,0.26
3774,Validator,3.69
3775,Validator,0.93
3776,Validator,3.60
3777,Validator,0.11
3778,Validator,3.91
3779,Validator,0.18
3780,Validator,2.43
3781,Validator,2.37
3782,Validator,1.40
3783,Validator,0.64
3784,Validator,1.50
3785,Validator,1.18
3786,Validator,0.48
3787,Validator,0.85
3788,Validator,1.42
3789,Validator,0.08
3790,Validator,1.12
3791,Validator,1.38
3792,Validator,0.81
3793,Validator,0.52
3794,Validator,2.20
3795,Validator,0.78
3796,Validator,0.95
3797,Validator,4.95
3798,Validator,0.17
3799,Validator,3.23
3800,Validator,2.19
3801,Validator,4.00
3802,Validator,0.59
3803,Validator,2.94
3804,Validator,0.03
3805,Validator,0.20
3806,Validator,1.74
3807,Validator,0.11
3808,Validator,0.39
3809,Validator,0.84
3810,Validator,0.17
3811,Validator,0.22
3812,Validator,1.79
3813,Validator,1.09
3814,Validator,13.46
3815,Validator,1.52
3816,Validator,4.85
3817,Validator,0.81
3818,Validator,5.41
3819,Validator,1.85
3820,Validator,5.22
3821,Validator,0.81
3822,Validator,4.65
3823,Validator,0.46
3824,Validator,4.45
3825,Validator,1.65
3826,Validator,0.13
3827,Validator,1.53
3828,Validator,0.85
3829,Validator,0.09
3830,Validator,0.33
3831,Validator,1.52
3832,Validator,0.12
3833,Validator,1.83
3834,Validator,0.77
3835,Validator,0.97
3836,Validator,0.98
3837,Validator,2.59
3838,Validator,0.87
3839,Validator,3.80
3840,Validator,2.20
3841,Validator,4.23
3842,Validator,0.34
3843,Validator,4.62
3844,Validator,0.06
3845,Validator,3.21
3846,Validator,1.71
3847,Validator,1.03
3848,Validator,0.16
3849,Validator,2.05
3850,Validator,0.77
3851,Validator,0.45
3852,Validator,3.02
3853,Validator,0.40
3854,Validator,0.29
3855,Validator,1.74
3856,Validator,2.68
3857,Validator,0.84
3858,Validator,1.16
3859,Validator,1.97
3860,Validator,3.54
3861,Validator,1.24
3862,Validator,3.91
3863,Validator,0.04
3864,Validator,6.30
3865,Validator,1.32
3866,Validator,4.03
3867,Validator,2.33
3868,Validator,2.43
3869,Validator,0.46
3870,Validator,0.60
3871,Validator,2.19
3872,Validator,0.10
3873,Validator,0.79
3874,Validator,0.95
3875,Validator,0.36
3876,Validator,0.46
3877,Validator,1.04
3878,Validator,0.90
3879,Validator,0.82
3880,Validator,1.29
3881,Validator,1.45
3882,Validator,0.69
3883,Validator,4.32
3884,Validator,0.85
3885,Validator,3.15
3886,Validator,2.24
3887,Validator,5.46
3888,Validator,0.22
3889,Validator,4.13
3890,Validator,1.13
3891,Validator,0.06
3892,Validator,1.48
3893,Validator,0.47
3894,Validator,0.06
3895,Validator,1.20
3896,Validator,2.24
3897,Validator,0.09
3898,Validator,1.29
3899,Validator,1.22
3900,Validator,0.13
3901,Validator,1.80
3902,Validator,0.93
3903,Validator,1.36
3904,Validator,5.13
3905,Validator,18.24
3906,Validator,3.19
3907,Validator,3.93
3908,Validator,3.96
3909,Validator,0.18
3910,Validator,4.13
3911,Validator,1.22
3912,Validator,2.15
3913,Validator,0.41
3914,Validator,1.12
3915,Validator,0.28
3916,Validator,0.60
3917,Validator,1.36
3918,Validator,0.60
3919,Validator,0.15
3920,Validator,1.61
3921,Validator,0.08
3922,Validator,0.81
3923,Validator,1.83
3924,Validator,2.42
3925,Validator,2.51
3926,Validator,1.11
3927,Validator,5.07
3928,Validator,0.05
3929,Validator,4.19
3930,Validator,1.01
3931,Validator,3.52
3932,Validator,1.19
3933,Validator,3.37
3934,Validator,0.27
3935,Validator,1.26
3936,Validator,1.21
3937,Validator,0.32
3938,Validator,1.20
3939,Validator,1.06
3940,Validator,0.14
3941,Validator,0.82
3942,Validator,1.48
3943,Validator,1.12
3944,Validator,0.28
3945,Validator,2.30
3946,Validator,0.05
3947,Validator,1.72
3948,Validator,3.91
3949,Validator,0.03
3950,Validator,3.99
3951,Validator,1.75
3952,Validator,3.15
3953,Validator,0.74
3954,Validator,5.50
3955,Validator,1.01
3956,Validator,1.33
3957,Validator,2.27
3958,Validator,0.53
3959,Validator,0.12
3960,Validator,0.97
3961,Validator,0.80
3962,Validator,0.47
3963,Validator,2.74
3964,Validator,1.22
3965,Validator,0.03
3966,Validator,0.95
3967,Validator,1.01
3968,Validator,0.76
3969,Validator,3.17
3970,Validator,1.26
3971,Validator,4.38
3972,Validator,1.01
3973,Validator,4.50
3974,Validator,0.16
3975,Validator,4.06
3976,Validator,1.81
3977,Validator,3.32
3978,Validator,0.79
3979,Validator,1.75
3980,Validator,0.18
3981,Validator,0.23
3982,Validator,2.16
3983,Validator,0.27
3984,Validator,0.29
3985,Validator,1.47
3986,Validator,0.60
3987,Validator,0.81
3988,Validator,2.55
3989,Validator,0.83
3990,Validator,0.10
3991,Validator,1.97
3992,Validator,3.47
3993,Validator,0.94
3994,Validator,4.24
3995,Validator,1.09
3996,Validator,3.79
3997,Validator,1.56
3998,Validator,5.00
3999,Validator,0.05
4000,Validator,4.44
4001,Validator,1.52
4002,Validator,0.44
4003,Validator,1.26
4004,Validator,1.83
4005,Validator,0.40
4006,Validator,1.36
4007,Validator,1.28
4008,Validator,0.27
4009,Validator,0.86
4010,Validator,1.71
4011,Validator,0.42
4012,Validator,0.61
4013,Validator,1.55
4014,Validator,0.64
4015,Validator,3.47
4016,Validator,1.16
4017,Validator,4.70
4018,Validator,0.95
4019,Validator,5.28
4020,Validator,1.02
4021,Validator,2.60
4022,Validator,0.41
4023,Validator,3.75
4024,Validator,1.58
4025,Validator,2.26
4026,Validator,1.18
4027,Validator,0.06
4028,Validator,1.30
4029,Validator,1.01
4030,Validator,0.12
4031,Validator,0.82
4032,Validator,1.68
4033,Validator,0.08
4034,Validator,0.82
4035,Validator,0.67
4036,Validator,0.11
4037,Validator,1.32
4038,Validator,3.05
4039,Validator,0.91
4040,Validator,4.78
4041,Validator,17.97
4042,Validator,4.62
4043,Validator,0.27
4044,Validator,4.60
4045,Validator,0.74
4046,Validator,2.64
4047,Validator,1.84
4048,Validator,0.13
4049,Validator,0.15
4050,Validator,0.73
4051,Validator,0.42
4052,Validator,0.40
4053,Validator,3.46
4054,Validator,1.35
4055,Validator,0.21
4056,Validator,1.83
4057,Validator,0.95
4058,Validator,0.98
4059,Validator,0.86
4060,Validator,3.25
4061,Validator,2.30
4062,Validator,0.65
4063,Validator,4.21
4064,Validator,0.33
4065,Validator,3.33
4066,Validator,1.43
4067,Validator,4.09
4068,Validator,0.38
4069,Validator,7.21
4070,Validator,0.41
4071,Validator,1.66
4072,Validator,1.62
4073,Validator,0.28
4074,Validator,0.36
4075,Validator,0.79
4076,Validator,0.74
4077,Validator,0.21
4078,Validator,1.34
4079,Validator,1.18
4080,Validator,0.05
4081,Validator,1.22
4082,Validator,0.91
4083,Validator,0.98
4084,Validator,4.70
4085,Validator,1.64
4086,Validator,2.87
4087,Validator,1.48
4088,Validator,7.80
4089,Validator,0.56
4090,Validator,3.88
4091,Validator,1.75
4092,Validator,2.74
4093,Validator,0.79
4094,Validator,3.01
4095,Validator,0.30
4096,Validator,0.91
4097,Validator,1.37
4098,Validator,0.94
4099,Validator,0.56
4100,Validator,1.24
4101,Validator,0.56
4102,Validator,0.97
4103,Validator,1.53
4104,Validator,0.69
4105,Validator,0.92
4106,Validator,2.34
4107,Validator,3.60
4108,Validator,0.13
4109,Validator,6.03
4110,Validator,0.71
4111,Validator,3.17
4112,Validator,0.98
4113,Validator,3.13
4114,Validator,0.03
4115,Validator,4.69
4116,Validator,1.05
4117,Validator,0.08
4118,Validator,3.14
4119,Validator,1.57
4120,Validator,0.13
4121,Validator,0.80
4122,Validator,1.85
4123,Validator,1.21
4124,Validator,1.63
4125,Validator,1.69
4126,Validator,0.64
4127,Validator,0.94
4128,Validator,2.48
4129,Validator,0.03
4130,Validator,2.88
4131,Validator,2.45
4132,Validator,9.15
4133,Validator,0.12
4134,Validator,4.38
4135,Validator,0.12
4136,Validator,3.42
4137,Validator,0.70
4138,Validator,2.51
4139,Validator,0.18
4140,Validator,1.86
4141,Validator,1.12
4142,Validator,1.20
4143,Validator,1.83
4144,Validator,1.39
4145,Validator,0.48
4146,Validator,0.85
4147,Validator,1.66
4148,Validator,0.97
4149,Validator,0.42
4150,Validator,2.60
4151,Validator,0.04
4152,Validator,1.15
4153,Validator,3.29
4154,Validator,0.08
4155,Validator,3.42
4156,Validator,3.14
4157,Validator,6.01
4158,Validator,1.31
4159,Validator,5.43
4160,Validator,0.77
4161,Validator,2.48
4162,Validator,3.62
4163,Validator,0.05
4164,Validator,1.49
4165,Validator,1.14
4166,Validator,0.26
4167,Validator,0.82
4168,Validator,2.98
4169,Validator,1.26
4170,Validator,0.16
4171,Validator,1.36
4172,Validator,0.33
4173,Validator,0.41
4174,Validator,0.96
4175,Validator,2.73
4176,Validator,1.78
4177,Validator,0.99
4178,Validator,5.12
4179,Validator,0.60
4180,Validator,4.71
4181,Validator,2.47
4182,Validator,3.81
4183,Validator,0.98
4184,Validator,3.34
4185,Validator,0.66
4186,Validator,0.33
4187,Validator,1.61
4188,Validator,0.89
4189,Validator,1.11
4190,Validator,0.87
4191,Validator,0.08
4192,Validator,1.15
4193,Validator,1.28
4194,Validator,1.10
4195,Validator,0.15
4196,Validator,3.48
4197,Validator,0.22
4198,Validator,0.13
4199,Validator,4.24
4200,Validator,0.39
4201,Validator,4.41
4202,Validator,0.88
4203,Validator,5.00
4204,Validator,0.35
4205,Validator,4.79
4206,Validator,1.72
4207,Validator,3.99
4208,Validator,1.10
4209,Validator,1.10
4210,Validator,0.34
4211,Validator,0.84
4212,Validator,2.86
4213,Validator,1.18
4214,Validator,0.81
4215,Validator,1.49
4216,Validator,0.31
4217,Validator,1.14
4218,Validator,0.99
4219,Validator,0.08
4220,Validator,0.70
4221,Validator,1.25
4222,Validator,3.51
4223,Validator,10.45
4224,Validator,4.61
4225,Validator,0.98
4226,Validator,3.59
4227,Validator,1.12
4228,Validator,3.33
4229,Validator,0.24
4230,Validator,3.63
4231,Validator,1.18
4232,Validator,0.34
4233,Validator,2.30
4234,Validator,1.12
4235,Validator,0.10
4236,Validator,2.65
4237,Validator,1.96
4238,Validator,0.97
4239,Validator,1.08
4240,Validator,3.30
4241,Validator,0.16
4242,Validator,1.35
4243,Validator,0.79
4244,Validator,0.23
4245,Validator,3.67
4246,Validator,2.05
4247,Validator,4.55
4248,Validator,0.75
4249,Validator,4.05
4250,Validator,0.54
4251,Validator,3.71
4252,Validator,1.44
4253,Validator,0.08
4254,Validator,0.39
4255,Validator,1.08
4256,Validator,0.06
4257,Validator,0.96
4258,Validator,1.20
4259,Validator,0.95
4260,Validator,0.59
4261,Validator,1.26
4262,Validator,0.08
4263,Validator,0.79
4264,Validator,2.00
4265,Validator,0.50
4266,Validator,2.93
4267,Validator,1.73
4268,Validator,3.98
4269,Validator,0.22
4270,Validator,5.48
4271,Validator,1.19
4272,Validator,3.60
4273,Validator,1.40
4274,Validator,3.11
4275,Validator,0.23
